Sl.No,STN Code,Name Of Monitoring Location,Use Based Class,Temperature,Dissolved O2 (mg/L),pH,Conductivity (&micro;mho/cm),"BOD
(mg/L)",NitrateN (mg/L),Fecal Coliform (MPN/100ml),Total Coliform (MPN/100ml),Fecal Streptococci (MPN/100ml),Carbonate (CO3-)(mg/L),"Bicarbonate (HCO3-)
(mg/L)",Turbidity (mg/L),Phenolpthalein Alkalinity,Total Alkalinity (mg/L),Chlorides (mg/L),"COD
(mg/L)",Ammonical-N (mg/L),Total Hardness (mg/L),Ca as CaCo3 (mg/L),Mg as CaCo3 (mg/L),Sulphate (mg/L),Sodium (mg/L),"Total Dissolved Solids
(mg/L)",Phosphate (mg/L),Boron (mg/L),Potassium (mg/L),Fluoride (mg/L),Sodium Percentage,SAR,Ortho Phosphate (mg/L),Cadmium (mg/L),Copper (mg/L),Lead (mg/L),Chromium Total (mg/L),Nickel (mg/L),Zinc (mg/L),Iron (mg/L),Manganese (mg/L),Year
1,1388,ULSOOR LAKE TRAINING CENTRE OF FISH BREEDING,"D (Propagation of wild life,fisheries)",30.0,5.7,8.2,340,5.0,1.0,4600,54000,,3(BDL),60,7.8,5(BDL),60.0,52.0,64,0.4,80,48,32,21,46,232,0.21,0.5(BDL),15,0.2(BDL),50.0,2.0,0.57,0.00042(BDL),0.021,0.00031(BDL),0.00056(BDL),0.014,0.073,0.069,0.00043(BDL),2023
2,3593,ULSOOR LAKE TEMPLE,"D (Propagation of wild life,fisheries)",30.0,5.1,8.0,344,7.0,1.0,7000,92000,,3(BDL),64,6.2,5(BDL),64.0,52.0,98,0.4,60,36,24,20,42,234,0.28,0.5(BDL),14,0.2(BDL),54.0,3.0,0.8,0.00042(BDL),0.064,0.00031(BDL),0.00056(BDL),0.00054(BDL),0.203,0.073,0.00043(BDL),2023
3,5568,"Ulsoor Lake Near Kalyani,Bengaluru","D (Propagation of wild life,fisheries)",30.0,5,8.2,342,7.0,1.0,4000,54000,,3(BDL),72,5.6,5(BDL),72.0,52.0,96,0.43,64,40,24,21,44,234,0.27,0.5(BDL),15,0.2(BDL),53.0,2.0,0.75,0.00042(BDL),0.015,0.00031(BDL),0.00056(BDL),0.00054(BDL),0.05,0.055,0.00043(BDL),2023
4,5569,"Byrasandra Upper Lake,Bengaluru","E (Irrigation, industrial cooling and controlled waste)",30.0,3.2,6.8,1190,15.0,4.0,4800,160000,,3(BDL),200,29.2,5(BDL),200.0,60.0,112,2.8,288,152,136,245,52,794,0.29,0.5(BDL),31,0.22,26.0,1.5,,0.00042(BDL),0.006,0.00031(BDL),0.00056(BDL),0.004,0.022,0.034,0.009,2023
5,3595,BYRASANDRA TANK,"D (Propagation of wild life,fisheries)",30.0,5.1,6.9,500,7.0,2.0,4300,92000,,3(BDL),116,12.2,5(BDL),116.0,36.0,88,0.4,132,72,60,25,39,338,0.52,0.5(BDL),13,0.2(BDL),36.0,1.4,1.42,0.00042(BDL),0.004,0.00031(BDL),0.00056(BDL),0.00054(BDL),0.012,0.065,0.007,2023
6,4505,NELAMANGALA LAKE,"E (Irrigation, industrial cooling and controlled waste)",31.0,3.2,7.1,1156,12.0,5.0,4300,92000,,3(BDL),264,3.6,5(BDL),264.0,204.0,108,0.4,292,152,140,39,89,786,0.56,0.5(BDL),42,0.42,36.0,2.0,1.2,0.00042(BDL),0.012,0.00031(BDL),0.006,0.00054(BDL),0.00059(BDL),0.8,0.099,2023
7,3624,PUTTENAHALLI LAKE,"D (Propagation of wild life,fisheries)",28.0,5.2,7.5,497,6.0,2.0,700,16000,,3(BDL),112,12.8,5(BDL),112.0,56.0,56,0.41,124,68,56,14,33,338,0.34,0.5(BDL),2,0.2(BDL),35.0,1.0,0.77,0.00042(BDL),0.005,0.00031(BDL),0.00056(BDL),0.00054(BDL),0.014,0.058,0.00043(BDL),2023
8,3625,HEBBAL LAKE,"D (Propagation of wild life,fisheries)",26.0,6.1,7.6,412,4.0,1.0,4100,24000,,3(BDL),88,4.4,5(BDL),88.0,56.0,40,0.4,144,80,64,16,38,282,0.31,0.5(BDL),10,0.2(BDL),34.0,16.0,0.97,0.00042(BDL),0.00035(BDL),0.00031(BDL),0.00056(BDL),0.00054(BDL),0.00059(BDL),0.00067(BDL),0.00043(BDL),2023
9,3629,ALLALASANDRA LAKE,"E (Irrigation, industrial cooling and controlled waste)",28.0,3.2,6.6,592,20.0,2.0,4700,54000,,3(BDL),88,7.2,5(BDL),88.0,108.0,152,2.2,136,76,60,14,66,400,0.8,0.5(BDL),27,0.2(BDL),0.53,1.3,2.47,0.00042(BDL),0.00035(BDL),0.00031(BDL),0.00056(BDL),0.00054(BDL),0.009,0.125,0.005,2023
10,3630,YELAHANKA TANK,"D (Propagation of wild life,fisheries)",29.0,6.1,7.5,407,4.0,1.0,430,5400,,3(BDL),88,3.8,5(BDL),88.0,52.0,40,0.4,136,72,64,15,36,274,0.31,0.5(BDL),11,0.2(BDL),34.0,,0.95,0.00042(BDL),0.00035(BDL),0.00031(BDL),0.00056(BDL),0.00054(BDL),0.00059(BDL),0.026,0.00043(BDL),2023
11,3627,JAKKUR LAKE,"D (Propagation of wild life,fisheries)",29.0,5.3,6.7,588,6.0,2.0,4800,92000,,3(BDL),88,4.1,5(BDL),88.0,104.0,72,0.4,132,72,60,15,67,394,0.87,0.5(BDL),27,0.28,46.0,3.0,3,0.00042(BDL),0.00035(BDL),0.00031(BDL),0.00056(BDL),0.00054(BDL),0.00059(BDL),0.023,0.00043(BDL),2023
12,3626,NAGAVARA LAKE,"D (Propagation of wild life,fisheries)",28.0,6.1,6.9,666,4.0,2.0,460,16000,,3(BDL),148,2.6,5(BDL),148.0,100.0,40,0.4,172,92,80,9,64,444,0.28,0.5(BDL),25,0.2(BDL),40.0,0.28,0.83,0.00042(BDL),0.00035(BDL),0.00031(BDL),0.00056(BDL),0.00054(BDL),0.00059(BDL),0.00067(BDL),0.00043(BDL),2023
13,4507,CHELEKERE LAKE,"D (Propagation of wild life,fisheries)",28.0,6,7.5,412,4.0,1.0,4900,54000,,3(BDL),88,4.8,5(BDL),88.0,56.0,40,0.4,120,68,52,16,35,282,0.29,0.5(BDL),10,0.2(BDL),36.0,1.5,0.74,0.00042(BDL),0.00035(BDL),0.00031(BDL),0.00056(BDL),0.00054(BDL),0.00059(BDL),0.00067(BDL),0.00043(BDL),2023
14,4510,RACHENAHALLI LAKE,"D (Propagation of wild life,fisheries)",29.0,4.2,7.6,509,5.0,2.0,700,9200,,3(BDL),100,9.2,5(BDL),100.0,52.0,40,0.56,120,64,56,46,39,346,0.25,0.5(BDL),18,0.2(BDL),37.0,2.0,0.62,0.00042(BDL),0.00035(BDL),0.00031(BDL),0.00056(BDL),0.02,0.006,0.00067(BDL),0.00043(BDL),2023
15,4511,KOGILU KERE,"D (Propagation of wild life,fisheries)",29.0,4.2,7.5,489,4.0,2.0,6300,54000,,3(BDL),96,12.6,5(BDL),96.0,72.0,40,0.58,104,56,48,10,39,332,0.2(BDL),0.5(BDL),18,0.2(BDL),40.0,2.0,0.35,0.00042(BDL),0.00035(BDL),0.00031(BDL),0.00056(BDL),0.00054(BDL),0.012,0.046,0.00043(BDL),2023
16,4508,SINGAPURA LAKE,"D (Propagation of wild life,fisheries)",29.0,5.8,7.6,408,5.0,1.0,3400,35000,,3(BDL),80,4.3,5(BDL),80.0,56.0,60,0.4,140,76,64,19,37,278,0.31,0.5(BDL),11,0.2(BDL),34.0,2.0,0.96,0.00042(BDL),0.00035(BDL),0.00031(BDL),0.00056(BDL),0.00054(BDL),0.00059(BDL),0.00067(BDL),0.00043(BDL),2023
17,4509,NARASIPURA LAKE,"D (Propagation of wild life,fisheries)",28.0,6.1,7.4,498,4.0,1.0,2200,24000,,3(BDL),92,2.7,5(BDL),92.0,48.0,40,0.4,148,80,68,15,77,340,0.31,0.5(BDL),20,0.2(BDL),49.0,3.0,0.89,0.00042(BDL),0.006,0.00031(BDL),0.00056(BDL),0.004,0.01,0.00067(BDL),0.00043(BDL),2023
18,2778,RIVER ARKAVATHI AT TIPPAGONDANAHALLI RESERVOIR,"D (Propagation of wild life,fisheries)",29.0,4.4,7.1,1116,7.8,4.5,15000,160000,350.0,3(BDL),328,6.9,5(BDL),328.0,176.0,71,0.72,300,152,148,19,138,762,1.2,0.5(BDL),21,0.56,53.0,3.4,2.7,0.00042(BDL),0.008,0.00031(BDL),0.012,0.00054(BDL),0.00059(BDL),0.173,0.044,2023
19,3623,ANEKAL DODDAKERE TANK,"D (Propagation of wild life,fisheries)",28.0,5.8,7.9,1107,6.0,4.0,630,9200,,3(BDL),268,2.3,5(BDL),268.0,164.0,52,0.4,232,120,112,33,98,752,0.2(BDL),0.5(BDL),14,0.2(BDL),26.0,3.0,0.38,0.00042(BDL),0.007,0.00031(BDL),0.00056(BDL),0.00054(BDL),0.00059(BDL),0.218,0.041,2023
20,3642,JIGANI TANK,"D (Propagation of wild life,fisheries)",27.0,6.1,7.2,981,6.0,4.0,460,9200,,3(BDL),208,5.4,5(BDL),208.0,176.0,56,0.4,224,116,108,10,90,668,0.23,0.5(BDL),8,0.21,25.0,3.0,0.56,0.00042(BDL),0.009,0.00031(BDL),0.00056(BDL),0.00054(BDL),0.00059(BDL),0.108,0.034,2023
21,4537,CHINNAKURCHI KERE,"D (Propagation of wild life,fisheries)",30.0,4.5,8.1,1210,7.0,5.0,1700,24000,,3(BDL),428,6.7,5(BDL),428.0,116.0,76,0.4,232,120,112,46,112,822,0.46,0.5(BDL),11,0.71,50.0,3.0,0.53,0.00042(BDL),0.00035(BDL),0.00031(BDL),0.00056(BDL),0.00054(BDL),0.00059(BDL),0.566,0.024,2023
22,4534,SOMPURA LAKE,"E (Irrigation, industrial cooling and controlled waste)",24.7,3.5,7.0,462,17.0,2.0,4800,35000,,3(BDL),136,7.3,5(BDL),136.0,28.0,120,4.7,100,56,44,16,44,318,0.48,0.5(BDL),13,0.2(BDL),45.0,2.0,0.58,0.00042(BDL),0.00035(BDL),0.00031(BDL),0.00056(BDL),0.004,0.00059(BDL),1.775,0.103,2023
23,3643,BENNIGANAHALLI LAKE,"D (Propagation of wild life,fisheries)",27.0,4.8,6.7,586,7.0,2.0,480,16000,,3(BDL),84,8.2,5(BDL),84.0,76.0,64,0.4,136,72,64,24,41,398,0.4,0.5(BDL),2,0.2(BDL),39.0,2.0,0.93,0.00042(BDL),0.621,0.084,0.00056(BDL),0.006,2.377,0.518,0.03,2023
24,3603,VENGAIYYANAKERE( KR PURAM LAKE ),"E (Irrigation, industrial cooling and controlled waste)",19.0,1.8,6.9,930,20.0,4.0,17000,240000,,3(BDL),188,15.6,5(BDL),188.0,112.0,156,0.4,204,108,96,34,83,632,0.59,0.5(BDL),8,0.29,45.0,,1.51,0.00042(BDL),0.043,0.013,0.00056(BDL),0.00054(BDL),0.14,0.201,0.072,2023
25,4526,DEVASANDRA LAKE,"D (Propagation of wild life,fisheries)",20.0,4.2,6.5,378,8.0,2.0,480,5400,,3(BDL),64,12.8,5(BDL),64.0,56.0,72,0.4,144,76,68,15,33,256,0.49,0.5(BDL),3,0.2(BDL),32.0,1.0,1.21,0.00042(BDL),0.009,0.028,0.005,0.027,0.005,0.675,0.053,2023
26,5563,"Segehalli Lake Baavanapura Road Battarahalli , Bangalore East","D (Propagation of wild life,fisheries)",20.0,4.6,6.5,526,7.0,2.0,940,9200,,3(BDL),92,10.1,5(BDL),92.0,52.0,60,0.4,136,72,64,19,40,356,0.5,0.5(BDL),5,0.2(BDL),3.0,1.0,1.24,0.00042(BDL),0.00035(BDL),0.039,0.00056(BDL),0.00054(BDL),0.00059(BDL),1.076,0.057,2023
27,3636,HOSKERE LAKE,"E (Irrigation, industrial cooling and controlled waste)",28.0,2.2,7.1,702,18.0,4.2,7000,35000,,3(BDL),160,6.2,5(BDL),160.0,116.0,160,4.2,188,100,88,29,68,490,0.21,0.5(BDL),14,0.2(BDL),42.0,2.2,0.49,,0.00035(BDL),0.00031(BDL),0.058,0.021,0.00059(BDL),0.899,0.123,2023
28,5564,"Kannamangala Lake Hoskote Main Road , Bengalore","D (Propagation of wild life,fisheries)",25.3,6.1,7.9,1237,4.0,4.0,480,5400,,3(BDL),196,7.8,5(BDL),196.0,260.0,52,0.4,268,140,128,23,96,834,0.87,0.5(BDL),23,0.46,41.0,3.0,2,0.00042(BDL),0.00035(BDL),0.021,0.00056(BDL),0.00054(BDL),0.00059(BDL),0.013,0.036,2023
29,5566,"Basavanapura Lake Ayyappa Nagr Main Road , K. R. Puram , Bengaluru","D (Propagation of wild life,fisheries)",21.0,5.4,7.0,406,6.0,1.0,230,16000,,3(BDL),104,6.2,5(BDL),104.0,52.0,56,0.4,88,52,36,18,48,274,0.57,0.5(BDL),10,0.3,51.0,2.0,2,0.00042(BDL),0.00035(BDL),0.023,0.00056(BDL),0.00054(BDL),0.00059(BDL),1.051,0.052,2023
30,3605,YELEMALLAPPA SHETTY LAKE,"E (Irrigation, industrial cooling and controlled waste)",21.0,3.9,7.2,1014,12.0,4.0,310,16000,,3(BDL),160,11.6,5(BDL),,160.0,104,2.6,212,112,100,29,87,682,0.89,0.5(BDL),23,0.28,44.0,3.0,2,0.00042(BDL),0.00035(BDL),0.015,0.00056(BDL),0.004,0.00059(BDL),1.051,0.052,2023
31,4515,BHATTARAHALLI LAKE,"D (Propagation of wild life,fisheries)",22.0,6.1,8.0,758,4.0,3.0,460,5400,,3(BDL),120,6.9,5(BDL),120.0,148.0,44,0.4,144,80,64,20,92,516,0.2(BDL),0.5(BDL),17,0.51,55.0,3.0,0.49,0.00042(BDL),0.00035(BDL),0.00031(BDL),0.00056(BDL),0.00054(BDL),0.00059(BDL),0.146,0.023,2023
32,3635,MALATHAHALLI LAKE,"D (Propagation of wild life,fisheries)",24.0,5.5,7.9,1072,6.0,4.0,3100,54000,,3(BDL),236,16.4,5(BDL),236.0,176.0,56,0.4,220,116,104,33,95,724,0.23,0.5(BDL),12,0.4,47.0,3.0,0.65,0.00042(BDL),0.00035(BDL),0.00031(BDL),0.00056(BDL),0.00054(BDL),0.00059(BDL),0.329,0.139,2023
33,4533,ULLALU LAKE,"E (Irrigation, industrial cooling and controlled waste)",26.0,3.2,6.6,972,17.0,3.0,4100,35000,,3(BDL),116,26.0,5(BDL),116.0,48.0,116,5.8,396,204,192,64,401,662,1,0.5(BDL),16,0.22,17.0,1.2,4,0.00042(BDL),0.00035(BDL),0.00031(BDL),0.012,0.01,0.00059(BDL),3.776,0.362,2023
34,3618,SINGASANDRA LAKE,"D (Propagation of wild life,fisheries)",26.0,4.1,7.5,859,13.0,2.5,2700,24000,,3(BDL),244,32.0,5(BDL),244.0,132.0,125,0.91,232,124,108,13,84,586,0.36,0.5(BDL),11,0.44,,,,,,,,,,,,2023
35,3590,LALBAGH TANK,"D (Propagation of wild life,fisheries)",24.0,4.2,8.6,403,8.0,1.6,2200,24000,,3(BDL),96,8.4,5(BDL),96.0,68.0,76,0.65,104,56,48,12,35,274,0.2(BDL),0.5(BDL),4,0.26,40.0,1.3,0.05(BDL),0.00042(BDL),0.021,0.00031(BDL),0.00056(BDL),0.00054(BDL),0.109,0.00067(BDL),0.029,2023
36,3613,GOTTIGERE LAKE,"E (Irrigation, industrial cooling and controlled waste)",28.0,2.8,6.5,480,14.0,2.0,1700,24000,,3(BDL),136,14.6,5(BDL),136.0,,124,6.8,116,64,52,10,35,326,0.45,0.5(BDL),4,0.31,38.0,136.0,1.39,0.00042(BDL),0.01,0.00031(BDL),0.00056(BDL),0.00054(BDL),0.079,1.273,0.076,2023
37,3589,MADIWALA TANK,"E (Irrigation, industrial cooling and controlled waste)",28.0,2.6,6.9,566,14.0,2.0,4700,92000,,3(BDL),112,8.9,5(BDL),112.0,,128,5.2,100,52,48,18,48,384,0.5,0.5(BDL),4,0.35,14.0,2.08,1.54,0.00042(BDL),0.00035(BDL),0.00031(BDL),0.00056(BDL),0.00054(BDL),0.00059(BDL),0.00067(BDL),0.00043(BDL),2023
38,3616,KALENA AGRAHARA LAKE,"D (Propagation of wild life,fisheries)",27.0,4.9,7.4,492,7.0,2.0,580,16000,,3(BDL),116,9.2,5(BDL),116.0,68.0,60,0.4,104,56,12,,38,334,0.2(BDL),0.5(BDL),3,0.29,43.0,2.0,0.05(BDL),0.00042(BDL),0.00035(BDL),0.00031(BDL),0.00056(BDL),0.00054(BDL),0.00059(BDL),0.167,0.043,2023
39,3615,ARAKERE LAKE,"D (Propagation of wild life,fisheries)",28.0,4.2,7.6,786,8.0,3.0,6300,54000,,3(BDL),176,,5(BDL),,,88,0.89,180,96,84,,69,534,0.56,0.5(BDL),5,0.39,44.0,2.0,1.72,0.00042(BDL),0.00035(BDL),0.00031(BDL),0.00056(BDL),0.00054(BDL),0.00059(BDL),0.123,0.048,2023
40,3622,SOMASUNDRAPALYA LAKE,"D (Propagation of wild life,fisheries)",27.0,5.2,7.7,794,6.0,3.0,4800,35000,,3(BDL),144,10.8,5(BDL),,,56,0.72,96,52,44,5(BDL),69,540,0.2(BDL),0.5(BDL),6,0.36,58.0,3.0,0.05(BDL),0.00042(BDL),0.00035(BDL),0.00031(BDL),0.00056(BDL),0.00054(BDL),0.00059(BDL),0.029,0.00043(BDL),2023
41,3612,AGARAM LAKE,"D (Propagation of wild life,fisheries)",28.0,4.1,7.2,620,9.0,3.0,2200,24000,,3(BDL),100,5.6,5(BDL),100.0,112.0,80,0.85,124,68,56,14,53,422,0.48,0.5(BDL),6,0.31,46.0,2.0,1.48,0.00042(BDL),0.00035(BDL),0.00031(BDL),0.025,0.00054(BDL),0.00059(BDL),0.21,0.063,2023
42,3619,BEGUR TANK,"D (Propagation of wild life,fisheries)",28.0,4.1,7.7,791,9.0,3.0,9400,92000,,3(BDL),144,6.9,5(BDL),144.0,132.0,84,0.99,100,56,44,6,71,538,0.2(BDL),0.5(BDL),6,0.35,58.0,3.0,0.05(BDL),0.00042(BDL),0.00035(BDL),0.00031(BDL),0.00056(BDL),0.00054(BDL),0.00059(BDL),0.009,0.027,2023
43,4544,KOTHANURU LAKE,"E (Irrigation, industrial cooling and controlled waste)",28.0,3.1,6.8,561,12.0,2.0,7900,54000,,3(BDL),92,7.2,5(BDL),92.0,84.0,116,2.5,104,56,48,17,48,380,0.5,0.5(BDL),4,0.32,48.0,2.0,1.54,0.00042(BDL),0.00035(BDL),0.00031(BDL),0.00056(BDL),0.00054(BDL),0.00059(BDL),0.15,0.019,2023
44,3611,KAIKONDANAHALLI LAKE,"E (Irrigation, industrial cooling and controlled waste)",27.0,3.3,8.0,840,12.0,3.0,9400,160000,,3(BDL),152,12.8,5(BDL),152.0,140.0,108,2.1,184,96,88,29,71,570,0.72,0.5(BDL),6,0.2(BDL),44.0,2.3,2.23,0.00042(BDL),0.00035(BDL),0.00031(BDL),0.00056(BDL),0.00054(BDL),0.00059(BDL),0.969,0.067,2023
45,4504,SARAKKI LAKE,"D (Propagation of wild life,fisheries)",25.0,5.7,7.5,711,4.0,2.73,790,16000,,3(BDL),160,3.7,5(BDL),160.0,116.0,48,0.73,192,100,92,29,67,496,0.21,0.5(BDL),14,0.2(BDL),41.0,2.1,0.47,0.00042(BDL),0.00035(BDL),0.00031(BDL),0.00056(BDL),0.00054(BDL),0.00059(BDL),0.084,0.006,2023
46,3638,YELACHENAHALLI LAKE,"D (Propagation of wild life,fisheries)",26.0,6.9,8.5,261,4.0,1.0,310,5400,,3(BDL),68,4.9,5(BDL),68.0,40.0,40,0.54,56,32,24,11,23,182,0.2(BDL),0.5(BDL),5,0.2(BDL),45.0,1.4,0.05(BDL),0.00042(BDL),0.00035(BDL),0.00031(BDL),0.00056(BDL),0.00054(BDL),0.00059(BDL),0.381,0.089,2023
47,3592,YEDIYUR TANK,"D (Propagation of wild life,fisheries)",26.0,6.8,8.4,261,4.0,0.9,840,16000,,24,48,5.1,12,60.0,36.0,43,0.61,52,28,24,9,20,162,0.2(BDL),0.5(BDL),5,0.2(BDL),43.0,1.4,0.05(BDL),0.00042(BDL),0.00035(BDL),0.00031(BDL),0.00056(BDL),0.00054(BDL),0.00059(BDL),0.382,0.06,2023
48,3591,KEMPAMBUDHI TANK,"E (Irrigation, industrial cooling and controlled waste)",26.0,2.1,7.9,362,22.0,1.38,7900,35000,,3(BDL),80,6.3,5(BDL),60.0,56.0,160,3.8,96,52,44,15,33,252,0.41,0.5(BDL),7,0.2(BDL),41.0,1.5,0.98,0.00042(BDL),0.00035(BDL),0.00031(BDL),0.00056(BDL),0.00054(BDL),0.00059(BDL),0.229,0.133,2023
49,4529,KASAVANAHALLI LAKE,"D (Propagation of wild life,fisheries)",25.0,5.8,8.0,728,5.0,3.0,4900,24000,,3(BDL),144,5.3,5(BDL),144.0,128.0,60,0.4,108,60,48,6,86,492,0.2(BDL),0.5(BDL),56,0.32,51.0,4.0,0.38,0.00042(BDL),0.00035(BDL),0.00031(BDL),0.00056(BDL),0.00054(BDL),0.00059(BDL),0.00067(BDL),0.02,2023
50,3621,HARALUR LAKE,"D (Propagation of wild life,fisheries)",25.0,4.5,8.4,798,8.0,3.0,4800,35000,,16,124,6.6,8,132.0,116.0,92,0.52,180,96,84,29,83,538,1.4,0.5(BDL),23,0.25,46.0,3.0,4.8,0.00042(BDL),0.00035(BDL),0.00031(BDL),0.00056(BDL),0.00054(BDL),0.00059(BDL),0.63,0.06,2023
51,4542,BASAVANAPURA LAKE,"D (Propagation of wild life,fisheries)",25.0,5.7,6.5,540,5.0,2.0,4300,92000,,3(BDL),124,6.6,5(BDL),124.0,68.0,64,0.49,132,72,60,12,52,372,0.91,0.5(BDL),13,0.2(BDL),43.0,2.0,3,0.00042(BDL),0.00035(BDL),0.00031(BDL),0.00056(BDL),0.00054(BDL),0.00059(BDL),1.581,0.079,2023
52,4543,KODI SINGASANDRA LAKE,"D (Propagation of wild life,fisheries)",23.0,5.4,7.7,589,6.0,2.0,2300,24000,,3(BDL),112,4.9,5(BDL),112.0,84.0,56,0.4,112,64,48,27,73,396,0.31,0.5(BDL),18,0.31,42.0,3.0,0.9,0.00042(BDL),0.00035(BDL),0.00031(BDL),0.00056(BDL),0.00054(BDL),0.00059(BDL),0.039,0.043,2023
53,3620,PARAPPANA AGRAHARA LAKE,"D (Propagation of wild life,fisheries)",22.0,5.5,8.2,800,6.0,3.0,3100,35000,,3(BDL),136,5.4,5(BDL),136.0,120.0,72,0.4,176,96,80,31,84,540,0.31,0.5(BDL),22,0.25,47.0,3.0,0.89,0.00042(BDL),0.00035(BDL),0.00031(BDL),0.00056(BDL),0.00054(BDL),0.00059(BDL),0.287,0.043,2023
54,4547,MANGAMANAPALYA LAKE(SWARANA KUNTE),"D (Propagation of wild life,fisheries)",23.0,6,7.5,719,4.0,3.0,470,9200,,3(BDL),128,3.9,5(BDL),128.0,128.0,48,0.4,112,64,48,5(BDL),83,502,0.2(BDL),0.5(BDL),51,0.29,50.0,3.4,0.55,0.00042(BDL),0.00035(BDL),0.00031(BDL),0.00056(BDL),0.00054(BDL),0.00059(BDL),0.00067(BDL),0.02,2023
55,3609,IBBALUR LAKE,"D (Propagation of wild life,fisheries)",23.0,6.1,7.6,595,4.0,2.0,410,16000,,3(BDL),100,4.6,5(BDL),100.0,100.0,40,0.4,124,68,56,12,75,402,0.6,0.5(BDL),10,0.24,54.0,,2,0.00042(BDL),0.00035(BDL),0.00031(BDL),0.00056(BDL),0.00054(BDL),0.00059(BDL),0.00067(BDL),0.024,2023
56,4528,DODDAKANNEHALLI LAKE,"D (Propagation of wild life,fisheries)",25.0,5,8.4,800,7.0,3.0,4000,54000,,3(BDL),148,13.1,12,148.0,124.0,84,0.59,176,96,80,31,86,540,0.81,0.5(BDL),22,0.25,48.0,3.0,2.2,0.00042(BDL),0.00035(BDL),0.00031(BDL),0.00056(BDL),0.00054(BDL),0.00059(BDL),0.389,0.047,2023
57,3614,PUTTENAHALLI LAKE,"D (Propagation of wild life,fisheries)",25.0,5.7,7.0,346,5.0,1.0,3100,35000,,3(BDL),88,3.2,5(BDL),88.0,88.0,52,0.4,104,60,44,18,71,302,0.28,0.5(BDL),20,0.27,54.0,3.0,0.78,0.00042(BDL),0.00035(BDL),0.00031(BDL),0.00056(BDL),0.00054(BDL),0.00059(BDL),0.13,0.027,2023
58,4521,DEVARABEESANAHALLI LAKE,"D (Propagation of wild life,fisheries)",24.0,4.4,7.9,679,6.0,3.0,7000,92000,,3(BDL),136,16.3,5(BDL),136.0,100.0,56,0.4,124,68,56,19,82,468,0.2(BDL),0.5(BDL),34,0.31,51.0,3.0,0.07,0.00042(BDL),0.00035(BDL),0.00031(BDL),0.00056(BDL),0.00054(BDL),0.00059(BDL),0.159,0.021,2023
59,5570,"Soulkere, Kaikondrahalli Vill,Bengaluru","D (Propagation of wild life,fisheries)",24.0,6,7.8,641,5.0,3.0,1300,24000,,3(BDL),144,14.8,5(BDL),144.0,92.0,48,0.4,112,60,52,18,81,442,0.2(BDL),0.5(BDL),25,0.39,55.0,3.0,0.11,0.00042(BDL),0.00035(BDL),0.00031(BDL),0.00056(BDL),0.00054(BDL),0.00059(BDL),0.00067(BDL),0.014,2023
60,5567,"Doddakallasandra Lake,Bengaluru","D (Propagation of wild life,fisheries)",24.0,6,7.4,572,4.0,2.0,460,5400,,3(BDL),112,5.6,5(BDL),112.0,68.0,40,0.4,84,48,36,18,51,388,0.2(BDL),0.5(BDL),18,0.26,51.0,2.0,0.05(BDL),0.00042(BDL),0.00035(BDL),0.00031(BDL),0.00056(BDL),0.00054(BDL),0.00059(BDL),0.00067(BDL),,2023
61,5572,"Kudlu Chikkakere, Bgp Layout Kudlu Vill ,Bengaluru","E (Irrigation, industrial cooling and controlled waste)",23.0,1.9,8.1,723,13.0,3.0,7000,35000,,3(BDL),200,48.5,5(BDL),200.0,104.0,128,2.2,152,80,72,11,64,498,0.2(BDL),0.5(BDL),31,0.28,25.0,2.0,0.4,0.00042(BDL),0.00035(BDL),0.00031(BDL),0.00056(BDL),0.00054(BDL),0.00059(BDL),0.084,0.024,2023
62,5571,"Kudlu Doddakere, Kudlu Vill,Bengaluru","E (Irrigation, industrial cooling and controlled waste)",24.0,3.5,8.1,724,13.0,3.0,480,9200,,3(BDL),196,47.2,5(BDL),196.0,92.0,124,3.6,176,92,84,12,72,492,0.26,0.5(BDL),20,0.29,44.0,2.0,0.47,0.00042(BDL),0.00035(BDL),0.00031(BDL),0.00056(BDL),0.00054(BDL),0.00059(BDL),0.097,0.035,2023
63,5574,"Anjanapura Lake ( Avala Halli Lake) Anjanapura,Bengaluru","D (Propagation of wild life,fisheries)",23.0,4.5,6.9,530,6.0,2.0,330,5400,,3(BDL),100,4.9,5(BDL),100.0,96.0,60,0.4,96,52,44,7,50,360,0.76,0.5(BDL),3,0.27,52.0,2.0,1.9,0.00042(BDL),0.00035(BDL),0.00031(BDL),0.00056(BDL),0.00054(BDL),0.00059(BDL),0.075,0.014,2023
64,3602,BELLANDUR LAKE,"E (Irrigation, industrial cooling and controlled waste)",21.0,1.9,7.1,997,51.0,4.0,340000,2400000,,3(BDL),344,20.5,5(BDL),344.0,92.0,212,14.6,320,164,156,31,66,686,0.6,0.5(BDL),26,0.3,29.0,2.0,1.27,0.00042(BDL),0.00035(BDL),0.00031(BDL),0.00056(BDL),0.004,0.00059(BDL),1.05,0.147,2023
65,3600,SHIVAPURA TANK,"E (Irrigation, industrial cooling and controlled waste)",25.0,1.8,7.3,2320,27.0,8.89,8400,92000,,3(BDL),540,10.9,5(BDL),540.0,392.0,170,3.9,620,316,304,94,166,1630,0.8,0.5(BDL),46,0.49,35.0,540.0,1.78,0.00042(BDL),0.00035(BDL),0.00031(BDL),0.072,0.133,0.052,2.181,0.979,2023
66,3601,KARIHOBANAHALLI LAKE,"E (Irrigation, industrial cooling and controlled waste)",24.5,2.1,7.1,1438,17.0,5.47,3300,54000,,3(BDL),332,9.4,5(BDL),332.0,240.0,153,3.2,388,200,188,58,114,1010,0.48,0.5(BDL),29,0.32,37.0,2.5,1.12,0.00042(BDL),0.00035(BDL),0.00031(BDL),0.019,0.025,0.00059(BDL),0.642,1.456,2023
67,3607,KALKERE TANK,"E (Irrigation, industrial cooling and controlled waste)",25.5,2.8,6.7,866,15.0,3.32,4600,35000,,3(BDL),200,7.6,5(BDL),200.0,144.0,139,2.6,232,120,112,35,79,604,0.42,0.5(BDL),17,0.2(BDL),40.0,2.2,0.96,0.00042(BDL),0.00035(BDL),0.00031(BDL),0.00056(BDL),0.003,0.00059(BDL),0.44,0.055,2023
68,4519,RAMPURA LAKE,"E (Irrigation, industrial cooling and controlled waste)",24.0,0.3(BDL),7.3,1457,77.0,5.59,170000,2400000,,3(BDL),336,16.6,5(BDL),336.0,244.0,320,18.1,400,204,196,59,117,1022,1.4,0.5(BDL),29,0.24,37.0,2.5,3.6,0.00042(BDL),0.00035(BDL),0.00031(BDL),0.009,0.007,0.00059(BDL),2.359,0.591,2023
69,3604,DODDANEKKUNDI LAKE,"D (Propagation of wild life,fisheries)",25.2,4.2,6.7,381,4.0,1.46,700,9200,,3(BDL),84,4.0,5(BDL),84.0,60.0,45,0.54,100,56,44,16,33,266,0.2(BDL),0.5(BDL),8,0.2(BDL),39.0,1.43,0.05(BDL),0.00042(BDL),0.00035(BDL),0.00031(BDL),0.00056(BDL),0.00054(BDL),0.00059(BDL),0.164,0.057,2023
70,4097,KACHOHALLI LAKE,"D (Propagation of wild life,fisheries)",25.0,4.8,6.8,508,8.0,1.5,480,16000,,3(BDL),136,6.8,5(BDL),136.0,72.0,78,0.9,196,104,92,16,56,348,0.7,0.5(BDL),24,0.2(BDL),35.0,1.4,1.9,0.00042(BDL),0.00035(BDL),0.00031(BDL),0.005,0.005,0.00059(BDL),1.432,0.249,2023
71,4538,MACHOHALLI LAKE,"D (Propagation of wild life,fisheries)",24.0,5,6.6,505,7.2,1.7,7900,54000,,3(BDL),152,6.4,5(BDL),152.0,80.0,68,0.98,136,72,64,16,54,346,0.53,0.5(BDL),26,0.2(BDL),40.0,2.0,0.83,0.00042(BDL),0.00035(BDL),0.00031(BDL),0.012,0.007,0.00059(BDL),1.958,0.237,2023
72,4094,GANGONDANAHALLI LAKE,"E (Irrigation, industrial cooling and controlled waste)",25.0,0.3(BDL),6.8,1493,72.0,6.0,7000,35000,,3(BDL),444,38.8,5(BDL),444.0,292.0,240,16.4,400,204,196,24,167,1018,1,0.5(BDL),29,0.44,45.0,3.6,2.6,0.00042(BDL),0.075,0.031,0.142,0.045,0.185,26.255,0.752,2023
73,3599,ANCHEPALYA LAKE,"E (Irrigation, industrial cooling and controlled waste)",25.0,0.3(BDL),7.0,1289,62.0,5.0,460,9200,,3(BDL),388,16.8,5(BDL),388.0,196.0,208,7.2,436,224,212,19,149,882,2.5,0.5(BDL),26,0.23,40.0,3.1,,0.00042(BDL),0.00035(BDL),0.00031(BDL),0.009,0.008,0.00059(BDL),0.807,0.595,2023
74,4539,DODDABIDARAKALLU LAKE,"E (Irrigation, industrial cooling and controlled waste)",24.0,2.4,6.7,2191,17.0,12.0,2300,24000,,3(BDL),508,18.4,5(BDL),508.0,268.0,116,1.9,996,504,492,92,340,1492,0.5,0.5(BDL),32,0.2(BDL),41.0,4.7,1.1,0.00042(BDL),0.00035(BDL),0.00031(BDL),0.038,0.067,0.018,0.663,0.711,2023
75,3606,DASARAHALLI TANK,"E (Irrigation, industrial cooling and controlled waste)",25.0,2.6,6.7,602,18.0,1.5,4900,160000,,3(BDL),164,13.6,5(BDL),164.0,120.0,118,,176,92,84,19,48,410,0.5,0.5(BDL),31,0.2(BDL),33.0,1.57,1.32,0.00042(BDL),0.00035(BDL),0.00031(BDL),0.005,0.006,0.00059(BDL),1.609,0.273,2023
76,4540,KAMMAGONDANAHALLI LAKE,"E (Irrigation, industrial cooling and controlled waste)",25.0,2.5,7.8,550,18.0,1.8,40000,540000,,3(BDL),180,12.0,5(BDL),180.0,72.0,120,2.2,168,88,35,17,55,378,0.5,0.5(BDL),32,0.2(BDL),40.0,1.85,1.4,0.00042(BDL),0.00035(BDL),0.00031(BDL),0.019,0.012,0.00059(BDL),3.363,0.132,2023
77,5559,"Shettihalli Lake, Mallasandra Gudde Lake Bengaluru","D (Propagation of wild life,fisheries)",25.0,2.8,7.2,558,17.0,1.8,4800,35000,,3(BDL),184,14.3,5(BDL),184.0,72.0,116,2.4,176,92,84,17,53,386,0.5,0.5(BDL),32,0.2(BDL),,,1.3,0.00042(BDL),0.00035(BDL),0.00031(BDL),0.009,0.008,0.00059(BDL),1.895,0.153,2023
78,4506,ABBIGERE LAKE,"D (Propagation of wild life,fisheries)",24.0,4.6,7.0,840,8.0,3.0,580,9200,,3(BDL),256,8.4,5(BDL),256.0,148.0,77,0.95,220,116,104,19,85,574,0.2(BDL),0.5(BDL),35,0.2(BDL),41.0,2.5,0.5,0.00042(BDL),0.00035(BDL),0.00031(BDL),0.011,0.008,0.00059(BDL),2.104,1.161,2023
79,4095,CHIKKABANAVARA LAKE,"D (Propagation of wild life,fisheries)",25.0,4.7,6.8,785,8.0,3.0,330,16000,,3(BDL),216,5.4,5(BDL),216.0,156.0,72,0.83,196,104,92,18,84,544,0.2(BDL),0.5(BDL),35,0.22,43.0,18.0,0.4,0.00042(BDL),0.00035(BDL),0.00031(BDL),0.00056(BDL),0.005,0.00059(BDL),0.535,0.493,2023
80,3597,HESARAGHATTA LAKE,"D (Propagation of wild life,fisheries)",24.0,5.2,7.5,520,5.0,2.0,4000,54000,,3(BDL),116,7.3,5(BDL),116.0,40.0,44,0.4,160,80,80,28,34,354,0.2(BDL),0.5(BDL),3,0.2(BDL),31.0,1.5,0.05(BDL),0.00042(BDL),0.00035(BDL),0.00031(BDL),0.009,0.006,0.00059(BDL),1.292,0.232,2023
81,4541,ALUR LAKE,"D (Propagation of wild life,fisheries)",24.0,6.1,7.3,528,4.0,2.0,310,9200,,3(BDL),120,14.9,5(BDL),120.0,32.0,40,0.4,148,72,76,29,36,360,0.2(BDL),0.5(BDL),3,0.2(BDL),34.0,1.3,0.05(BDL),0.00042(BDL),0.00035(BDL),0.00031(BDL),0.008,0.006,0.00059(BDL),1.335,0.227,2023
82,4513,RAMAMMANA KERE,"D (Propagation of wild life,fisheries)",24.0,5.2,7.3,520,5.0,2.0,480,16000,,3(BDL),140,6.6,5(BDL),140.0,40.0,44,0.4,160,80,80,28,34,354,0.2(BDL),0.5(BDL),3,0.21,31.0,1.5,0.05(BDL),0.00042(BDL),0.00035(BDL),0.00031(BDL),0.019,0.009,0.00059(BDL),2.741,0.297,2023
83,4535,GUBBALAL LAKE,"D (Propagation of wild life,fisheries)",25.0,5.8,6.5,384,4.0,1.14,7000,54000,,3(BDL),100,1.24,5(BDL),100.0,28.0,40,0.46,96,52,44,11,16,260,0.43,0.5(BDL),1(BDL),0.2(BDL),25.0,1.5,1.32,0.00042(BDL),0.00035(BDL),0.00031(BDL),0.00056(BDL),0.009,0.00059(BDL),0.321,0.052,2023
84,3596,NAYANDANAHALLI TANK,"D (Propagation of wild life,fisheries)",26.0,5.2,7.9,872,6.0,4.0,4600,35000,,3(BDL),204,8.5,5(BDL),204.0,132.0,52,0.4,220,116,104,14,78,594,1.1,0.5(BDL),5,0.3,42.0,2.29,3.39,0.00042(BDL),0.00035(BDL),0.00031(BDL),0.006,0.01,0.00059(BDL),0.916,0.023,2023
85,3633,SUBRAMANYAPURA TANK,"D (Propagation of wild life,fisheries)",27.0,4.3,7.3,620,8.0,3.0,2300,24000,,3(BDL),164,37.1,5(BDL),164.0,76.0,72,0.4,176,92,84,29,59,422,2.86,0.5(BDL),5,0.33,41.0,1.5,8.78,0.00042(BDL),0.00035(BDL),0.00031(BDL),0.00056(BDL),0.003,0.00059(BDL),0.956,0.149,2023
86,3640,UTTARAHALLI DORAIKERE,"E (Irrigation, industrial cooling and controlled waste)",27.0,1.2,7.3,321,15.0,1.29,22000,240000,,3(BDL),76,76.2,5(BDL),76.0,24.0,120,3.1,88,48,40,10,15,218,0.2(BDL),0.5(BDL),2,0.2(BDL),26.0,1.4,0.05(BDL),0.00042(BDL),0.00035(BDL),0.00031(BDL),0.01,0.009,0.00059(BDL),5.422,0.153,2023
87,4536,HOSAKEREHALLI LAKE,"D (Propagation of wild life,fisheries)",28.0,5.3,7.6,698,6.0,2.0,4900,160000,,3(BDL),196,36.9,5(BDL),,72.0,56,0.44,176,92,84,28,53,476,0.63,0.5(BDL),4,0.34,38.0,1.5,1.93,0.00042(BDL),0.00035(BDL),0.00031(BDL),0.00056(BDL),0.003,0.00059(BDL),0.406,0.118,2023
88,3634,DEVARAKERE TANK,"D (Propagation of wild life,fisheries)",27.0,5.8,6.5,376,5.0,1.1,5800,92000,,3(BDL),84,5.3,5(BDL),84.0,20.0,48,0.51,104,56,48,7,20,254,0.29,0.5(BDL),3,0.2(BDL),28.0,1.5,0.91,0.00042(BDL),0.00035(BDL),0.00031(BDL),0.00056(BDL),0.00054(BDL),0.00059(BDL),0.00067(BDL),0.075,2023
89,3641,DHOREKERE TANK,"E (Irrigation, industrial cooling and controlled waste)",25.0,1.8,7.0,427,14.0,1.31,7900,54000,,3(BDL),112,58.2,5(BDL),112.0,24.0,116,1.29,128,68,60,26,27,290,0.43,0.5(BDL),3,0.2(BDL),30.0,1.1,1.33,0.00042(BDL),0.00035(BDL),0.00031(BDL),0.00056(BDL),0.004,0.00059(BDL),1.357,0.127,2023
90,4531,RAYASANDRA LAKE,"E (Irrigation, industrial cooling and controlled waste)",25.0,0.4,7.0,1286,24.0,5.1,2100,54000,,3(BDL),392,14.4,5(BDL),392.0,184.0,157,1.4,392,200,192,27,152,878,2,0.5(BDL),36,0.3,43.0,3.3,4.5,0.00042(BDL),0.002,0.00031(BDL),0.015,0.059,0.067,3.291,0.194,2023
91,4530,KAMMASANDRA LAKE,"E (Irrigation, industrial cooling and controlled waste)",25.0,0.3(BDL),7.0,1952,67.0,7.6,220000,2400000,,3(BDL),700,29.6,5(BDL),700.0,332.0,223,20.6,532,272,260,27,219,1330,2.2,0.5(BDL),38,0.36,45.0,4.1,6,0.00042(BDL),0.017,0.00031(BDL),0.024,0.088,0.123,3.248,0.272,2023
92,4107,"MUGALUR, BENGALURU","E (Irrigation, industrial cooling and controlled waste)",22.0,2,7.2,1165,16.0,4.2,400000,3500000,,3(BDL),412,16.0,5(BDL),412.0,204.0,108,1.8,340,176,164,23,123,802,1.5,0.5(BDL),33,0.3,41.0,2.9,3.1,0.00042(BDL),0.00035(BDL),0.00031(BDL),0.01,0.007,0.00059(BDL),3.288,0.185,2023
93,4532,CHANDAPURA LAKE,"E (Irrigation, industrial cooling and controlled waste)",25.0,3.5,7.3,1180,10.0,5.6,4300,92000,,3(BDL),340,12.8,5(BDL),340.0,156.0,92,1.1,464,236,228,21,162,810,1.2,0.5(BDL),30,0.4,41.0,3.3,2.9,0.00042(BDL),0.00035(BDL),0.00031(BDL),0.012,0.03,0.009,0.082,0.245,2023
94,4527,SHEELAVANTA-WHITEFIELD LAKE,"D (Propagation of wild life,fisheries)",21.0,5.4,7.6,614,6.0,2.0,5800,92000,,3(BDL),76,7.2,5(BDL),76.0,116.0,56,0.4,92,52,40,16,62,422,0.2(BDL),0.5(BDL),22,0.22,53.0,3.0,0.36,0.00042(BDL),0.00035(BDL),0.00031(BDL),0.00056(BDL),0.00054(BDL),0.01,1.603,0.044,2023
95,4524,PATTANDUR AGRAHARA LAKE,"E (Irrigation, industrial cooling and controlled waste)",21.0,3.2,6.7,1572,16.0,5.0,4000,35000,,3(BDL),256,1.7,5(BDL),256.0,304.0,124,3.4,320,168,152,25,170,1058,0.63,0.5(BDL),30,0.38,51.0,4.0,2,0.00042(BDL),0.00035(BDL),0.00031(BDL),0.00056(BDL),0.00054(BDL),0.00059(BDL),0.104,0.065,2023
96,4523,NALLURAHALLI LAKE,"D (Propagation of wild life,fisheries)",24.0,5.7,6.8,616,5.0,2.0,2300,24000,,3(BDL),88,60.2,5(BDL),88.0,96.0,48,0.4,164,88,76,44,64,412,0.2(BDL),0.5(BDL),18,0.23,43.0,2.0,0.53,0.00042(BDL),0.008,0.00031(BDL),0.00056(BDL),0.009,0.02,6.683,0.124,2023
97,5560,"Hoodi (Rajapalya Lake) Itpl Main Road, Near Hoodi,Bengaluru","D (Propagation of wild life,fisheries)",24.0,5,6.7,1562,7.0,5.0,460,9200,,3(BDL),248,1.1,5(BDL),248.0,312.0,88,0.4,324,168,156,33,165,1052,0.58,0.5(BDL),22,0.22,50.0,4.0,2,0.00042(BDL),0.00035(BDL),0.00031(BDL),0.00056(BDL),0.00054(BDL),0.00059(BDL),0.065,0.061,2023
98,4525,SEETHARAMPALYA LAKE,"D (Propagation of wild life,fisheries)",23.5,6.1,7.4,489,4.0,1.0,4900,160000,,3(BDL),104,7.3,5(BDL),104.0,68.0,40,0.4,104,60,44,17,74,334,0.46,0.5(BDL),20,0.22,55.0,3.0,1,0.00042(BDL),0.00035(BDL),0.00031(BDL),0.00056(BDL),0.00054(BDL),0.011,0.414,0.02,2023
99,4514,SADARAMANGALA LAKE,"D (Propagation of wild life,fisheries)",25.0,6,6.5,774,4.0,3.0,430,9200,,3(BDL),172,4.7,5(BDL),172.0,108.0,40,0.4,160,88,72,24,76,524,0.47,0.5(BDL),27,0.2(BDL),46.0,3.0,1.2,0.00042(BDL),0.00035(BDL),0.00031(BDL),0.00056(BDL),0.00054(BDL),0.021,0.64,0.079,2023
100,4518,GARUDACHARPALYA TANK,"D (Propagation of wild life,fisheries)",24.5,5.7,6.5,750,5.0,3.0,3300,54000,,3(BDL),192,8.7,5(BDL),192.0,104.0,44,0.4,196,104,92,14,78,508,0.88,0.5(BDL),24,0.2(BDL),43.0,2.0,3,0.00042(BDL),0.00035(BDL),0.00031(BDL),0.00056(BDL),0.00054(BDL),0.004,0.495,0.209,2023
101,3610,TUBARAHALLI TANK,"D (Propagation of wild life,fisheries)",25.2,5.4,7.2,575,6.0,2.0,5800,92000,,3(BDL),84,28.4,5(BDL),84.0,88.0,72,0.4,124,58,56,20,63,388,0.21,0.5(BDL),16,0.25,49.0,2.0,0.53,0.00042(BDL),0.00035(BDL),0.00031(BDL),0.00056(BDL),0.00054(BDL),0.00059(BDL),1.679,0.042,2023
102,4503,MADHURE TANK,"D (Propagation of wild life,fisheries)",26.0,4.6,6.5,300,10.0,0.62,4300,54000,,3(BDL),68,7.4,5(BDL),68.0,32.0,91,0.86,108,60,48,57,25,240,0.2(BDL),0.5(BDL),15,0.2(BDL),30.0,1.3,0.7,0.00042(BDL),0.00035(BDL),0.00031(BDL),0.00056(BDL),0.00054(BDL),0.004,0.364,0.061,2023
103,4516,KUNDALAHALLI LAKE,"D (Propagation of wild life,fisheries)",25.0,4.9,7.8,1256,8.0,5.0,7000,160000,,3(BDL),232,6.8,5(BDL),232.0,276.0,84,0.91,312,160,152,21,107,866,0.41,0.5(BDL),15,0.2(BDL),41.0,3.0,0.98,0.00042(BDL),0.00035(BDL),0.00031(BDL),0.00056(BDL),0.00054(BDL),0.00059(BDL),0.081,0.103,2023
104,4520,CHINNAPPANAHALLI LAKE,"D (Propagation of wild life,fisheries)",25.0,6,7.7,614,5.0,2.0,3300,24000,,3(BDL),120,6.4,5(BDL),120.0,76.0,48,0.49,116,64,52,15,61,416,0.2(BDL),0.5(BDL),10,0.31,51.0,2.0,0.29,0.00042(BDL),0.00035(BDL),0.00031(BDL),0.00056(BDL),0.00054(BDL),0.00059(BDL),0.309,0.09,2023
105,5561,"Munekolalu Lake ,Marathahalli, East Taluka ,Bengaluru","D (Propagation of wild life,fisheries)",25.0,4.5,7.4,567,6.0,2.0,4000,35000,,3(BDL),112,12.5,5(BDL),112.0,80.0,60,0.4,100,56,44,5(BDL),52,390,0.2(BDL),0.5(BDL),11,0.22,50.0,2.0,0.05(BDL),0.00042(BDL),0.00035(BDL),0.00031(BDL),0.00056(BDL),0.00054(BDL),0.00059(BDL),0.133,0.045,2023
106,5562,"Mahadevpura  Lake, K. R. Puram , Bangalore East Taluka","D (Propagation of wild life,fisheries)",25.0,4.4,8.2,580,8.0,2.0,2100,54000,,3(BDL),112,27.9,5(BDL),112.0,96.0,96,0.46,104,60,44,11,58,392,0.49,0.5(BDL),14,0.2(BDL),51.0,2.0,1,0.00042(BDL),0.00035(BDL),0.00031(BDL),0.00056(BDL),0.00054(BDL),0.002,0.434,0.018,2023
107,3608,VARTHUR LAKE,"E (Irrigation, industrial cooling and controlled waste)",25.0,0.3(BDL),6.9,1303,30.0,5.0,700000,5400000,,3(BDL),420,20.1,5(BDL),420.0,164.0,212,21.56,416,212,204,20,125,886,2,0.5(BDL),15,0.37,38.0,2.67,7,0.00042(BDL),0.012,0.00031(BDL),0.009,0.007,0.033,4.87,0.276,2023
108,3632,VEERAPURA TANK,"D (Propagation of wild life,fisheries)",27.0,4.4,7.1,520,10.0,1.7,3300,35000,,3(BDL),120,8.6,5(BDL),120.0,72.0,93,0.94,176,92,84,63,53,350,0.6,0.5(BDL),18,0.3,37.0,1.2,1.4,0.00042(BDL),0.018,0.00031(BDL),0.01,0.012,0.013,2.22,0.102,2023
109,4522,VIBHUTHIPURA LAKE,"D (Propagation of wild life,fisheries)",25.0,4.6,6.6,624,8.0,3.0,4900,54000,,3(BDL),144,39.6,5(BDL),144.0,84.0,84,0.62,116,64,52,39,54,424,0.33,0.5(BDL),4,0.24,48.0,2.18,1.01,0.00042(BDL),0.01,0.00031(BDL),0.00056(BDL),0.00054(BDL),0.034,0.812,0.074,2023
110,5565,Kannur Lake,"D (Propagation of wild life,fisheries)",20.0,4.2,6.7,381,4.0,1.46,700,9200,,3(BDL),84,4.0,5(BDL),84.0,60.0,45,0.54,100,56,44,16,33,266,0.2(BDL),0.5(BDL),8,1.6,39.0,1.43,0.05(BDL),0.00042(BDL),0.00035(BDL),0.00031(BDL),0.00056(BDL),0.00054(BDL),0.00059(BDL),0.164,0.057,2023
111,3594,SankeyTank,"D (Propagation of wild life,fisheries)",27.0,5.1,7.7,562,4.0,2.0,49,1600,,3(BDL),132,4.2,5(BDL),132.0,72.0,44,0.48,140,76,64,28,51,386,0.15,0.5(BDL),8,0.3,42.0,2.0,0.35,0.00042(BDL),0.00035(BDL),0.00031(BDL),0.00056(BDL),0.003,0.00059(BDL),0.03,0.059,2023
112,4096,Andrahalli Lake,"E (Irrigation, industrial cooling and controlled waste)",27.0,0.5(BDL),6.7,1185,39.0,5.0,46000,350000,,3(BDL),228,21.2,5(BDL),228.0,252.0,200,14.3,248,128,120,23,96,816,2,0.5(BDL),35,0.41,42.0,3.0,5,0.00042(BDL),0.004,0.009,0.045,0.016,0.019,8.355,0.617,2023
113,3598,Herohalli Lake,"D (Propagation of wild life,fisheries)",25.0,6,7.0,423,5.0,2.0,4700,92000,,3(BDL),92,44.3,5(BDL),92.0,48.0,48,0.48,140,76,64,12,37,290,0.4,0.5(BDL),12,0.2(BDL),22.0,1.0,0.92,0.00042(BDL),0.00035(BDL),0.00031(BDL),0.012,0.008,0.00059(BDL),2.189,0.292,2023
114,4512,Vishwaneedam dam Lake,"D (Propagation of wild life,fisheries)",23.0,6.1,6.8,470,4.0,2.0,340,16000,,3(BDL),104,5.7,5(BDL),104.0,36.0,44,0.49,168,88,80,16,26,324,0.2(BDL),0.5(BDL),10,0.2(BDL),24.0,0.87,0.59,0.00042(BDL),0.00035(BDL),0.00031(BDL),0.00056(BDL),0.00054(BDL),0.00059(BDL),0.00067(BDL),0.00043(BDL),2023
115,5558,Kannahalli Lake,"D (Propagation of wild life,fisheries)",25.0,4.8,7.0,1387,9.0,6.0,580,9200,,3(BDL),320,3.7,5(BDL),320.0,224.0,88,0.65,388,200,188,25,92,956,0.56,0.5(BDL),31,0.22,32.0,2.0,1.42,0.00042(BDL),0.00035(BDL),0.00031(BDL),0.00056(BDL),0.006,0.079,0.572,0.00043(BDL),2023
