STN_CODE,SAMPLINGMONTH,NAMEOFMONITORINGLOCATION,USEBASEDCLASS,TEMP,DO,PH,CONDUCTIVITY,BOD,NITRATE_N,NITRITEN,FECAL_COLI,TOTAL_COLI,FECALSTREPTOCOCCI,CARBONATE,BICARBONATE,TURBIDITY_NTU,PHENOLPHTHALEINALKALINITY,TOTALALKALINITY,CHLORIDES,COD,TOTALKJELDAHLNITROGEN,AMMONICALN,TOTALHARDNESS,CAASCACO3,CA,MGASCACO3,MG,SODIUM,TOTALDISSOLVEDSOLIDS,TOTALSUSPENDEDSOLIDS,PHOSPHATE,BORON,POTASSIUM,FLUORIDE,SODIUMPERCENTAGE,SAR,ORTHOPHOSPHATE,YEAR
1388,Mar,Ulsoor Lake Training Centre Of Fish Breeding,"D (Propagation of wild life,fisheries)",28.0,5,8.5,469,13,1.8,0.02(BDL),2600.0,15000,_,32,60,73.8,16,76,56,122,1.5(BDL),0.47,92,48,19,44,11,20,326,94,0.2(BDL),0.5(BDL),18,0.21,27.0,0.9,0.12,2025
2778,Mar,River Arkavathi At Tippagondanahalli Reservoir,"E (Irrigation, industrial cooling and controlled waste)",30.0,2.3,8.1,1091,17,3.8,0.3,140.0,1400,4.5,3(BDL),292,59.2,5(BDL),292,252,117,2.7,2.1,256,132,53,124,30,106,752,76,1,0.5(BDL),22,0.26,45.0,2.9,2.4,2025
3589,Mar,Madiwala Tank,"E (Irrigation, industrial cooling and controlled waste)",28.0,3.1,7.1,693,20,2.3,0.02(BDL),1200.0,7900,_,3(BDL),188,8.4,5(BDL),188,124,166,1.5(BDL),0.99,172,88,35,84,20,95,478,16,0.2(BDL),0.5(BDL),13,0.24,52.0,3.1,0.2,2025
3590,Mar,Lalbagh Tank,"D (Propagation of wild life,fisheries)",28.0,5.6,8.2,633,6,2.1,0.02(BDL),2100.0,12000,_,3(BDL),88,29.7,5(BDL),88,72,64,1.5(BDL),0.42,92,52,21,40,10,44,428,36,0.2(BDL),0.5(BDL),23,0.34,44.0,2.01,0.05(BDL),2025
3591,Mar,Kempambudhi Tank,"E (Irrigation, industrial cooling and controlled waste)",28.0,1.5,7.5,651,41,2.2,0.02(BDL),930.0,4900,_,3(BDL),188,115.5,5(BDL),188,44,296,1.5(BDL),0.87,184,96,38,88,21,46,440,144,0.4,0.5(BDL),18,0.2(BDL),33.0,1.48,1.12,2025
3592,Mar,Yediyur Tank,"D (Propagation of wild life,fisheries)",28.0,5.9,7.8,343,5,1,0.02(BDL),780.0,4600,_,3(BDL),64,23.6,5(BDL),64,28,52,1.5(BDL),0.45,88,48,19,40,10,17,232,30,0.2(BDL),0.5(BDL),7,0.2(BDL),27.0,0.78,0.05(BDL),2025
3593,Mar,Ulsoor Lake Temple,"D (Propagation of wild life,fisheries)",28.0,4.9,8.3,490,14,1.9,0.02(BDL),4800.0,28000,_,24,72,95.1,12,84,56,129,1.5(BDL),0.46,80,40,16,40,10,21,336,98,0.2(BDL),0.5(BDL),18,0.23,30.0,1.0,0.05(BDL),2025
3594,Mar,Sankey Tank,"D (Propagation of wild life,fisheries)",27.0,5.6,7.1,454,6,1.6,0.02(BDL),140.0,840,_,3(BDL),148,6.1,5(BDL),148,68,56,1.5(BDL),0.4,172,92,37,80,19,65,306,10(BDL),0.2(BDL),0.5(BDL),9,0.28,44.0,2.0,0.05(BDL),2025
3595,Mar,Byrasandra Tank,"D (Propagation of wild life,fisheries)",29.0,5.5,8.2,348,6,1.2,0.02(BDL),5800.0,35000,_,3(BDL),72,97.8,5(BDL),72,52,52,1.5(BDL),0.4,72,44,18,28,7,55,232,112,0.2(BDL),0.5(BDL),16,0.2(BDL),56.0,0.89,0.05(BDL),2025
3596,Mar,Nayandanahalli Tank,"D (Propagation of wild life,fisheries)",28.0,6.2,7.7,803,6,3.1,0.5,26.0,920,_,3(BDL),212,4.52,5(BDL),212,136,70,1.5(BDL),0.81,208,104,42,104,25,85,554,10(BDL),0.26,0.5(BDL),24,0.38,44.0,2.5,0.62,2025
3597,Mar,Hesaraghatta Lake,"D (Propagation of wild life,fisheries)",32.0,5.8,7.5,323,8,1.2,0.02(BDL),680.0,3900,_,3(BDL),112,8.6,5(BDL),112,44,92,1.5(BDL),0.86,128,64,26,64,16,18,226,14,0.2(BDL),0.5(BDL),8,0.3,22.0,1.0,0.36,2025
3598,Mar,Herohalli Tank,"E (Irrigation, industrial cooling and controlled waste)",30.0,1.7,6.7,499,22,1.9,0.02(BDL),2100.0,11000,_,3(BDL),112,14.1,5(BDL),112,80,200,6.8,6.4,132,72,29,60,15,50,340,18,0.26,0.5(BDL),10,0.2(BDL),42.0,2.0,0.76,2025
3599,Mar,Anchepalya Lake,"E (Irrigation, industrial cooling and controlled waste)",30.0,3,6.6,287,10,1.1,0.02(BDL),560.0,3900,_,3(BDL),56,64.0,5(BDL),56,40,108,1.6,1.23,124,72,29,52,13,16,196,84,0.2(BDL),0.5(BDL),9,0.2(BDL),21.0,1.0,0.33,2025
3600,Mar,Shivapura Tank,"E (Irrigation, industrial cooling and controlled waste)",26.0,1.7,7.2,757,39,2.6,0.55,1200.0,8400,_,3(BDL),120,30.9,5(BDL),120,140,256,21.2,14.8,196,104,42,92,22,99,512,42,0.2(BDL),0.5(BDL),10,0.32,51.0,3.0,0.41,2025
3602,Mar,Bellandur Lake,"D (Propagation of wild life,fisheries)",28.0,6,7.0,683,4,2.3,0.02(BDL),3900.0,21000,_,3(BDL),188,13.8,5(BDL),188,108,40,1.5(BDL),0.5,168,92,37,76,18,106,464,18,0.2(BDL),0.5(BDL),24,0.33,54.0,4.0,0.05(BDL),2025
3603,Mar,Vengaiyyanakere( Kr Puram Lake ),"E (Irrigation, industrial cooling and controlled waste)",26.0,2.2,6.8,1153,6,4.43,0.41,330.0,2400,_,3(BDL),276,10.3,5(BDL),276,148,63,1.5(BDL),0.8,328,174,70,154,37,112,788,14,0.86,0.5(BDL),32,0.29,40.0,2.7,2.02,2025
3604,Mar,Doddanekkundi Lake,"D (Propagation of wild life,fisheries)",26.0,4.6,6.9,602,5,2.3,0.02(BDL),120.0,790,_,3(BDL),132,5.8,5(BDL),132,96,58,1.5(BDL),0.51,156,84,34,72,17,58,408,10(BDL),0.2(BDL),0.5(BDL),12,0.2(BDL),42.0,2.02,0.22,2025
3605,Mar,Yelemallappa Shetty Lake,"E (Irrigation, industrial cooling and controlled waste)",25.0,1.9,6.8,1121,16,4.3,0.66,110000.0,700000,_,3(BDL),387,34.5,5(BDL),387,92,108,27.3,21.0,453,283,113,170,41,39,760,46,1.41,0.5(BDL),35,0.3,14.0,1.0,3.59,2025
3606,Mar,Dasarahalli Tank,"E (Irrigation, industrial cooling and controlled waste)",26.0,2.8,6.6,271,15,1.04,0.02(BDL),930.0,4800,_,3(BDL),40,29.0,5(BDL),40,32,165,1.71,1.22,132,80,32,52,13,10,180,38,0.2(BDL),0.5(BDL),6,0.2(BDL),13.0,0.38,0.39,2025
3607,Mar,Kalkere Tank,"E (Irrigation, industrial cooling and controlled waste)",25.0,3.3,8.5,1118,16,3.9,0.02(BDL),1100.0,6300,_,72,216,25.3,36,288,284,112,1.8,1.3,236,124,50,112,27,99,754,32,0.2(BDL),0.5(BDL),35,0.2(BDL),38.0,3.0,0.46,2025
3608,Mar,Varthur Lake,"D (Propagation of wild life,fisheries)",26.0,0.3(BDL),7.3,1255,36,4.1,0.02(BDL),2700.0,17000,_,3(BDL),432,11.0,5(BDL),432,192,199,5.4,3.8,320,168,67,152,37,155,854,14,0.2(BDL),0.5(BDL),5,0.42,51.0,3.8,0.5,2025
3609,Mar,Ibbalur Lake,"D (Propagation of wild life,fisheries)",25.0,4.7,8.1,670,8,2.7,0.02(BDL),170.0,1300,_,3(BDL),80,56.2,5(BDL),80,104,84,1.5(BDL),0.76,100,56,22,44,11,57,454,68,0.2(BDL),0.5(BDL),27,0.21,48.0,2.47,0.05(BDL),2025
3610,Mar,Tubarahalli Tank,"E (Irrigation, industrial cooling and controlled waste)",25.0,2,7.0,675,31,2.6,0.02(BDL),94.0,675,_,3(BDL),156,97.0,5(BDL),156,108,200,23.8,18.3,132,68,27,64,16,74,466,104,0.34,0.5(BDL),8,0.22,2.8,2.8,0.8,2025
3611,Mar,Kaikondanahalli Lake,"E (Irrigation, industrial cooling and controlled waste)",27.0,3.4,8.2,1322,10,5.07,0.63,1700.0,13000,_,3(BDL),324,78.4,5(BDL),324,232,101,1.6,1.2,492,88,35,404,98,98,898,102,0.76,0.5(BDL),39,0.28,28.0,1.0,0.78,2025
3612,Mar,Agaram Lake,"D (Propagation of wild life,fisheries)",28.0,4.4,8.1,911,18,3,0.02(BDL),6.8,240,_,3(BDL),312,3.8,5(BDL),312,152,121,1.57,1.2,284,144,58,140,34,106,632,12,1.21,0.5(BDL),15,0.28,48.0,2.7,2.8,2025
3613,Mar,Gottigere Lake,"D (Propagation of wild life,fisheries)",28.0,5.1,7.3,718,15,2.5,0.02(BDL),400.0,2100,_,3(BDL),236,2.8,5(BDL),236,128,152,1.56,1.2,232,116,46,116,28,84,496,10(BDL),1.11,0.5(BDL),10,0.26,43.0,2.4,2.6,2025
3614,Mar,Puttenahalli Lake,"D (Propagation of wild life,fisheries)",28.0,4.1,8.0,905,18,3,0.02(BDL),780.0,4300,_,3(BDL),296,4.1,5(BDL),296,152,128,1.71,1.3,268,136,54,132,32,110,620,10(BDL),1.3,0.5(BDL),12,0.29,46.0,2.9,3,2025
3615,Mar,Arakere Lake,"D (Propagation of wild life,fisheries)",27.0,4.7,8.2,732,8,2.81,0.64,480.0,3500,_,3(BDL),144,50.6,5(BDL),144,104,81,1.5(BDL),0.4,216,140,56,76,18,91,502,66,0.2(BDL),0.5(BDL),22,0.35,45.0,2.69,0.05(BDL),2025
3616,Mar,Kalena Agrahara Lake,"D (Propagation of wild life,fisheries)",28.0,5.3,7.3,727,13,2.5,0.02(BDL),480.0,2800,_,3(BDL),236,1.4,5(BDL),236,128,122,1.5(BDL),0.73,232,116,46,116,28,89,502,10(BDL),1.12,0.5(BDL),10,0.26,44.0,2.5,2.65,2025
3618,Mar,Singasandra Lake,"D (Propagation of wild life,fisheries)",27.0,5.3,8.5,1467,10,5.6,0.68,920.0,4800,_,88,384,13.6,44,428,236,108,2.22,1.7,396,200,80,196,48,144,1012,22,0.23,0.5(BDL),39,0.26,41.0,3.1,0.55,2025
3619,Mar,Begur Tank,"D (Propagation of wild life,fisheries)",28.0,5.3,7.4,724,12,2.5,0.02(BDL),93.0,700,_,3(BDL),240,2.4,5(BDL),240,132,121,1.5(BDL),0.74,236,120,48,116,28,88,500,10(BDL),1.1,0.5(BDL),10,0.27,43.0,2.5,2.6,2025
3620,Mar,Parappana Agrahara Lake,"D (Propagation of wild life,fisheries)",27.0,5.4,8.5,763,9,3,0.02(BDL),1100.0,9400,_,104,120,12.5,52,172,156,100,2.08,1.6,176,88,35,88,21,102,530,18,0.36,0.5(BDL),27,0.23,51.0,3.3,0.8,2025
3621,Mar,Haralur Lake,"D (Propagation of wild life,fisheries)",28.0,5.4,8.2,842,9,3.2,0.02(BDL),6300.0,35000,_,3(BDL),160,113.2,5(BDL),160,152,92,1.5(BDL),0.58,212,74,30,138,34,100,558,148,0.2(BDL),0.5(BDL),27,0.23,47.0,3.0,0.05(BDL),2025
3622,Mar,Somasundrapalya Lake,"D (Propagation of wild life,fisheries)",28.0,5.9,7.4,689,5,2.3,0.02(BDL),220.0,1300,_,3(BDL),176,14.9,5(BDL),176,112,64,1.5(BDL),0.58,176,96,38,80,19,105,468,20,0.2(BDL),0.5(BDL),23,0.32,53.0,3.0,0.05(BDL),2025
3623,Mar,Anekal Doddakere Tank,"D (Propagation of wild life,fisheries)",26.0,4.4,6.6,1570,8,5.1,,79.0,540,_,3(BDL),348,1.6,5(BDL),348,500,88,1.5(BDL),0.61,520,268,107,252,61,105,1064,10(BDL),0.2(BDL),0.5(BDL),27,0.35,29.0,2.0,0.05(BDL),2025
3624,Mar,Puttenahalli Lake,"D (Propagation of wild life,fisheries)",29.0,6.2,6.9,787,5,2.9,0.02(BDL),2400.0,14000,_,3(BDL),252,7.5,5(BDL),252,168,58,1.5(BDL),0.7,156,84,34,72,17,96,536,10(BDL),0.2(BDL),0.5(BDL),6,0.2(BDL),55.0,3.4,0.17,2025
3625,Mar,Hebbal Lake,"D (Propagation of wild life,fisheries)",31.0,5.8,7.2,624,7,2,0.02(BDL),250.0,3500,_,3(BDL),176,16.5,5(BDL),176,80,71,1.6,1.3,164,88,35,76,18,70,424,20,0.58,0.5(BDL),15,0.2(BDL),46.0,2.5,1.3,2025
3626,Mar,Nagavara Lake,"D (Propagation of wild life,fisheries)",33.0,4.9,7.5,524,4,2,0.02(BDL),3100.0,8400,_,3(BDL),200,6.0,5(BDL),200,80,43,1.5(BDL),0.8,196,104,42,92,22,49,356,12,0.2(BDL),0.5(BDL),6,0.27,34.0,2.0,0.16,2025
3627,Mar,Jakkur Lake,"E (Irrigation, industrial cooling and controlled waste)",32.0,2.1,7.8,922,14,3.5,0.48,1300.0,12000,_,3(BDL),340,10.0,5(BDL),340,208,132,1.8,1.4,248,128,51,120,29,91,626,20,0.22,0.5(BDL),11,0.29,43.0,2.5,2.97,2025
3628,Mar,Amruthahalli Lake,"D (Propagation of wild life,fisheries)",30.0,4.2,7.4,610,8,2.4,0.02(BDL),1300.0,8400,_,3(BDL),236,4.0,5(BDL),236,108,72,1.5(BDL),0.4,196,104,42,92,22,60,414,10(BDL),0.2(BDL),0.5(BDL),8,0.23,39.0,2.0,0.18,2025
3629,Mar,Allalasandra Lake,"D (Propagation of wild life,fisheries)",33.0,4.6,7.6,845,4,3.2,0.7,1400.0,4800,_,3(BDL),376,4.0,5(BDL),376,160,40,1.5(BDL),0.6,244,128,51,116,28,79,576,10(BDL),0.2(BDL),0.5(BDL),8,0.29,40.0,2.2,0.26,2025
3630,Mar,Yelahanka Tank,"E (Irrigation, industrial cooling and controlled waste)",33.0,1,7.8,910,20,3.5,0.3,3300.0,13000,_,3(BDL),356,10.0,5(BDL),356,200,185,2.34,1.8,260,136,54,124,30,90,620,18,0.22,0.5(BDL),12,0.3,42.0,2.4,3.12,2025
3632,Mar,Veerapura Tank,"D (Propagation of wild life,fisheries)",26.0,6.3,7.1,1195,7,4.59,0.02(BDL),3300.0,17000,_,3(BDL),140,9.1,5(BDL),140,292,66,1.5(BDL),0.4,248,170,68,78,19,193,816,12,0.2(BDL),0.5(BDL),13,0.28,61.0,5.33,0.05(BDL),2025
3633,Mar,Subramanyapura Tank,"E (Irrigation, industrial cooling and controlled waste)",28.7,3.1,7.0,688,21,2.4,0.02(BDL),230000.0,330000,_,3(BDL),152,51.0,5(BDL),152,112,152,1.7,1.3,132,72,29,60,15,96,460,64,0.2(BDL),0.5(BDL),15,0.29,58.0,1.0,0.05(BDL),2025
3634,Mar,Devarakere Tank,"D (Propagation of wild life,fisheries)",28.0,5.4,7.3,298,6,0.7,0.02(BDL),1100.0,4600,_,3(BDL),116,48.0,5(BDL),116,40,69,1.5(BDL),0.72,56,32,13,24,6,31,204,62,0.2(BDL),0.5(BDL),9,0.2(BDL),49.0,1.0,0.2,2025
3635,Mar,Malathahalli Lake,"D (Propagation of wild life,fisheries)",24.0,5.4,7.6,621,6,2.2,0.15,2600.0,9400,_,3(BDL),228,5.1,5(BDL),228,36,56,1.5(BDL),0.4,156,84,34,72,17,58,408,10(BDL),0.2(BDL),0.5(BDL),15,0.2(BDL),75.0,2.0,0.05(BDL),2025
3636,Mar,Hoskere Lake,"E (Irrigation, industrial cooling and controlled waste)",28.9,0.3(BDL),6.5,466,45,1.6,0.02(BDL),14000.0,70000,_,3(BDL),128,104.0,5(BDL),128,36,264,30,23.0,116,64,26,52,13,49,314,130,0.53,0.5(BDL),9,0.2(BDL),45.0,2.0,1.5,2025
3638,Mar,Yelachenahalli Lake,"D (Propagation of wild life,fisheries)",29.0,5.6,7.8,568,5,1.9,0.02(BDL),260.0,1500,_,3(BDL),88,15.9,5(BDL),88,44,60,1.5(BDL),0.58,132,72,29,60,15,37,384,20,0.2(BDL),0.5(BDL),16,0.2(BDL),34.0,1.4,0.05(BDL),2025
3639,Mar,Kengeri Tank,"D (Propagation of wild life,fisheries)",31.3,5.8,7.7,809,5,2.8,0.02(BDL),250.0,2800,_,3(BDL),284,3.3,5(BDL),284,120,64,1.5(BDL),0.4,236,124,50,112,27,100,548,10(BDL),0.28,0.5(BDL),14,0.25,40.0,3.0,0.81,2025
3640,Mar,Uttarahalli Doraikere,"E (Irrigation, industrial cooling and controlled waste)",28.0,0.3(BDL),6.5,383,96,1.3,0.02(BDL),210000.0,700000,_,3(BDL),92,205.0,5(BDL),92,36,478,7.2,6.6,120,64,26,56,14,34,262,266,0.2(BDL),0.5(BDL),12,0.2(BDL),35.0,1.34,0.3,2025
3641,Mar,Dhorekere Tank,"D (Propagation of wild life,fisheries)",30.7,4.4,8.1,352,8,1.2,0.02(BDL),12000.0,79000,_,3(BDL),92,106.0,5(BDL),92,24,80,1.5(BDL),0.4,108,60,24,48,12,34,232,132,0.22,0.5(BDL),6,0.2(BDL),39.0,1.0,0.62,2025
3642,Mar,Jigani Tank,"D (Propagation of wild life,fisheries)",29.0,4.5,7.4,785,8,2.7,0.02(BDL),230.0,1400,_,3(BDL),228,9.2,5(BDL),228,168,80,1.5(BDL),0.52,204,108,43,96,23,77,524,12,0.2(BDL),0.5(BDL),22,0.3,42.0,2.0,0.05(BDL),2025
3643,Mar,Benniganahalli Lake,"E (Irrigation, industrial cooling and controlled waste)",26.0,4.1,6.8,745,4,2.86,0.47,1700.0,2100,_,3(BDL),128,5.9,5(BDL),128,72,44,1.5(BDL),0.51,184,96,38,88,21,67,494,10(BDL),0.2(BDL),0.5(BDL),19,0.38,41.0,2.16,0.05(BDL),2025
3648,Mar,Mydala Tank,"D (Propagation of wild life,fisheries)",23.0,6.5,7.0,206,4,0.8,0.02(BDL),240.0,3500,_,3(BDL),68,18.6,5(BDL),68,28,53,1.5(BDL),0.62,68,36,14,14,3,9,140,24,0.2(BDL),0.5(BDL),4,0.21,21.0,0.5,0.15,2025
3655,Mar,Mathikere Tank,"D (Propagation of wild life,fisheries)",27.0,6.4,7.4,525,4,1.5,0.02(BDL),1700.0,9400,_,3(BDL),144,70.0,5(BDL),144,48,43,1.5(BDL),0.4,140,76,30,64,16,90,400,90,0.2(BDL),0.5(BDL),63,0.28,47.0,3.5,0.05(BDL),2025
4094,Mar,Gangondanahalli Lake,"D (Propagation of wild life,fisheries)",32.0,4.3,7.2,1731,4,6.6,0.02(BDL),940.0,5400,_,3(BDL),404,6.4,5(BDL),404,292,48,1.5(BDL),0.66,472,240,96,232,56,158,1180,10(BDL),0.2(BDL),0.5(BDL),35,0.42,40.0,3.16,0.4,2025
4095,Mar,Chikkabanavara Lake,"E (Irrigation, industrial cooling and controlled waste)",32.0,3.2,6.9,528,22,2,0.02(BDL),1700.0,9400,_,3(BDL),148,29.0,5(BDL),148,104,168,3.8,2.9,156,80,32,76,18,60,368,42,0.2(BDL),0.5(BDL),10,0.24,44.0,2.1,0.05(BDL),2025
4097,Mar,Kachohalli Lake,"E (Irrigation, industrial cooling and controlled waste)",30.0,2.2,7.1,1401,18,5.4,0.43,410.0,2100,_,3(BDL),320,6.6,5(BDL),320,236,170,5.9,5.4,380,196,78,184,45,132,960,10(BDL),0.41,0.5(BDL),28,0.31,41.0,2.94,1.13,2025
4503,Mar,Madhure Tank,"D (Propagation of wild life,fisheries)",28.0,5.7,6.7,402,4,1.54,0.02(BDL),2300.0,17000,_,3(BDL),132,33.3,5(BDL),132,28,42,1.5(BDL),0.4,212,164,66,48,12,9,274,44,0.2(BDL),0.5(BDL),10,0.31,8.0,0.27,0.05(BDL),2025
4504,Mar,Sarakki Lake,"D (Propagation of wild life,fisheries)",29.0,5.1,7.7,884,6,3.3,0.02(BDL),170.0,1200,_,3(BDL),180,12.2,5(BDL),180,112,68,1.5(BDL),0.6,188,100,40,88,21,71,598,14,0.2(BDL),0.5(BDL),31,0.33,40.0,2.24,0.05(BDL),2025
4505,Mar,Nelamangala Lake,"E (Irrigation, industrial cooling and controlled waste)",31.0,1.6,6.6,1483,29,5.7,0.02(BDL),310.0,1700,_,3(BDL),392,2.1,5(BDL),392,268,196,2.13,1.7,464,236,94,228,55,131,1004,10(BDL),0.45,0.5(BDL),31,0.43,36.0,2.64,1.28,2025
4506,Mar,Abbigere Lake,"E (Irrigation, industrial cooling and controlled waste)",28.0,3,7.0,524,26,2,0.02(BDL),63.0,540,_,3(BDL),156,26.1,5(BDL),156,108,182,3.51,2.7,156,80,32,76,18,60,368,38,0.2(BDL),0.5(BDL),10,0.26,44.0,2.1,0.14,2025
4507,Mar,Chelekere Lake,"D (Propagation of wild life,fisheries)",31.0,4.1,7.2,523,7,2,0.02(BDL),260.0,1700,_,3(BDL),204,4.0,5(BDL),204,80,62,1.5(BDL),0.6,168,88,35,80,19,50,356,10(BDL),0.2(BDL),0.5(BDL),6,0.24,32.0,2.0,0.19,2025
4508,Mar,Singapura Lake,"D (Propagation of wild life,fisheries)",29.0,4.5,7.1,521,6,1.96,0.02(BDL),430.0,2800,_,3(BDL),204,4.0,5(BDL),204,84,54,1.5(BDL),0.5,156,84,34,72,17,51,354,10(BDL),0.2(BDL),0.5(BDL),8,0.25,40.0,2.0,0.18,2025
4509,Mar,Narasipura Lake,"D (Propagation of wild life,fisheries)",30.0,5.1,6.9,674,5,2.6,0.02(BDL),930.0,4900,_,3(BDL),256,4.0,5(BDL),256,140,46,1.5(BDL),0.5,228,120,48,108,26,64,458,10(BDL),0.2(BDL),0.5(BDL),8,0.2(BDL),37.0,2.0,0.19,2025
4510,Mar,Rachenahalli Lake,"E (Irrigation, industrial cooling and controlled waste)",32.0,1.2,7.8,1038,17,4,0.63,2600.0,14000,_,3(BDL),388,10.0,5(BDL),388,232,147,1.82,1.4,288,148,59,140,34,100,706,16,0.2(BDL),0.5(BDL),14,0.3,41.0,2.6,2.67,2025
4511,Mar,Kogilu Kere,"D (Propagation of wild life,fisheries)",30.0,4.1,7.6,667,8,2.6,0.02(BDL),170.0,1100,_,3(BDL),260,6.0,5(BDL),260,128,73,1.5(BDL),0.48,216,112,45,104,25,65,454,18,0.2(BDL),0.5(BDL),8,0.21,39.0,2.0,0.24,2025
4512,Mar,Viswaneedam Lake,"E (Irrigation, industrial cooling and controlled waste)",30.0,2.6,7.4,1403,16,5.4,0.48,4600.0,28000,_,3(BDL),324,7.3,5(BDL),324,236,161,5.6,5.1,380,192,77,188,46,132,964,10(BDL),0.32,0.5(BDL),28,0.38,41.0,2.94,0.91,2025
4513,Mar,Ramammana Kere,"D (Propagation of wild life,fisheries)",26.0,6.4,6.7,210,9,0.81,0.24,46.0,350,_,3(BDL),80,2.7,5(BDL),80,12,90,1.5(BDL),0.4,112,66,26,46,11,5(BDL),146,10(BDL),0.2(BDL),0.5(BDL),10,0.2(BDL),4.0,0.1,0.05(BDL),2025
4514,Mar,Sadaramangala Lake,"E (Irrigation, industrial cooling and controlled waste)",25.0,2.9,7.2,598,21,2,0.02(BDL),310.0,2800,_,3(BDL),140,39.6,5(BDL),140,108,168,2.1,1.5,160,88,35,72,17,80,404,50,0.2(BDL),0.5(BDL),16,0.2(BDL),50.0,3.0,0.05(BDL),2025
4515,Mar,Bhattarahalli Lake,"E (Irrigation, industrial cooling and controlled waste)",27.0,3.3,7.0,892,7,3.42,0.51,330.0,4300,_,3(BDL),128,13.5,5(BDL),128,164,70,1.5(BDL),0.59,172,104,42,68,17,110,592,18,0.2(BDL),0.5(BDL),22,0.51,54.0,3.65,0.05(BDL),2025
4516,Mar,Kundalahalli Lake,"E (Irrigation, industrial cooling and controlled waste)",25.0,2.1,8.1,1220,30,4.7,0.02(BDL),26.0,220,_,3(BDL),228,38.3,5(BDL),228,336,196,21.06,16.2,300,152,61,148,36,135,842,46,0.78,0.5(BDL),15,0.23,48.0,3.4,1.8,2025
4517,Mar,Kowdhenahalli Tank,"E (Irrigation, industrial cooling and controlled waste)",26.0,2.4,7.6,754,8,2.89,0.69,23000.0,49000,_,3(BDL),216,16.5,5(BDL),216,84,77,1.5(BDL),0.7,204,124,50,80,19,80,504,22,0.52,0.5(BDL),23,0.24,43.0,2.45,1.32,2025
4518,Mar,Garudacharpalya Tank,"E (Irrigation, industrial cooling and controlled waste)",25.0,1.3,8.4,398,16,1.5,0.02(BDL),93.0,2400,_,24,92,42.2,12,104,60,164,3.2,2.7,88,48,19,40,10,37,272,48,0.31,0.5(BDL),8,0.2(BDL),45.0,2.0,0.9,2025
4519,Mar,Rampura Lake,"D (Propagation of wild life,fisheries)",26.0,6.1,6.9,834,4,2.8,0.02(BDL),400.0,3400,_,3(BDL),260,14.2,5(BDL),260,128,52,1.5(BDL),0.4,136,72,29,64,16,90,576,18,0.2(BDL),0.5(BDL),5,0.28,57.0,3.5,0.1,2025
4520,Mar,Chinnappanahalli Lake,"D (Propagation of wild life,fisheries)",27.0,6,7.5,875,8,3.3,0.02(BDL),17.0,220,_,3(BDL),136,14.7,5(BDL),136,148,95,4.7,3.6,144,72,29,72,17,96,604,20,0.2(BDL),0.5(BDL),11,0.41,56.0,3.5,0.05(BDL),2025
4522,Mar,Vibhuthipura Lake,"E (Irrigation, industrial cooling and controlled waste)",26.0,1.4,6.6,662,24,2.5,0.02(BDL),630.0,5400,_,3(BDL),152,26.6,5(BDL),152,108,208,4.9,4.2,176,92,37,84,20,66,454,32,0.2(BDL),0.5(BDL),13,0.23,43.0,2.16,0.05(BDL),2025
4523,Mar,Nallurahalli Lake,"E (Irrigation, industrial cooling and controlled waste)",26.0,2.5,6.8,706,14,2.7,,43.0,540,_,3(BDL),160,9.1,5(BDL),160,112,147,2.4,1.9,188,100,40,88,21,68,478,12,0.33,0.5(BDL),14,0.25,42.0,2.15,0.96,2025
4524,Mar,Pattandur Agrahara Lake,"E (Irrigation, industrial cooling and controlled waste)",25.0,3.2,7.2,1649,11,6.3,0.68,170.0,2200,_,3(BDL),380,6.1,5(BDL),380,268,128,3.5,3.0,432,220,88,212,52,154,1136,10(BDL),0.51,0.5(BDL),33,0.37,41.0,1.0,1.45,2025
4525,Mar,Seetharampalya Lake,"E (Irrigation, industrial cooling and controlled waste)",25.0,1.1,8.1,1130,17,4.3,0.33,910.0,4300,_,3(BDL),304,9.8,5(BDL),304,180,189,4.1,3.7,260,136,54,124,30,110,768,12,0.34,0.5(BDL),23,0.42,45.0,2.96,0.95,2025
4526,Mar,Devasandra Lake,"E (Irrigation, industrial cooling and controlled waste)",26.0,2.1,6.7,744,14,2.86,0.02(BDL),31000.0,70000,_,3(BDL),100,20.1,5(BDL),100,120,95,1.5(BDL),0.9,132,88,35,44,11,87,510,28,0.2(BDL),0.5(BDL),22,0.35,54.0,3.31,0.41,2025
4527,Mar,Sheelavanta-Whitefield Lake,"E (Irrigation, industrial cooling and controlled waste)",25.0,0.3(BDL),7.1,1555,57,6,0.52,200.0,2800,_,3(BDL),360,26.2,5(BDL),360,252,276,12.4,11.8,416,212,85,204,50,146,1054,32,0.42,0.5(BDL),31,0.44,41.0,3.11,1.18,2025
4528,Mar,Doddakannehalli Lake,"D (Propagation of wild life,fisheries)",28.0,6.1,6.5,188,4,0.6,0.02(BDL),210.0,1200,_,3(BDL),36,16.8,5(BDL),36,24,36,1.5(BDL),0.4,80,48,19,32,8,28,124,22,0.2(BDL),0.5(BDL),5,0.2(BDL),41.0,1.0,0.05(BDL),2025
4530,Mar,Kammasandra Lake,"E (Irrigation, industrial cooling and controlled waste)",24.0,1.8,7.5,1962,35,6,0.02(BDL),2200.0,35000,_,3(BDL),576,24.2,5(BDL),576,412,204,42.8,36.0,436,224,90,212,52,189,1334,28,1.8,0.5(BDL),33,0.25,46.0,3.9,0.05(BDL),2025
4531,Mar,Rayasandra Lake,"E (Irrigation, industrial cooling and controlled waste)",24.0,1.8,7.5,1962,35,6,,2200.0,35000,_,3(BDL),576,24.2,5(BDL),576,412,204,42.8,36.0,436,224,90,212,52,189,1334,28,1.8,0.5(BDL),33,0.25,46.0,3.9,0.05(BDL),2025
4532,Mar,Chandapura Lake,"E (Irrigation, industrial cooling and controlled waste)",24.0,2.1,7.6,1847,28,5.4,0.6,21000.0,70000,_,3(BDL),420,7.2,5(BDL),420,404,201,28.2,24.0,468,240,96,228,55,191,1256,10(BDL),1,0.5(BDL),33,0.59,45.0,3.8,0.05(BDL),2025
4533,Mar,Ullalu Lake,"E (Irrigation, industrial cooling and controlled waste)",24.3,0.3(BDL),6.5,384,87,1.3,0.02(BDL),170000.0,460000,_,3(BDL),144,118.0,5(BDL),144,32,312,32,27.0,92,52,21,40,10,42,260,150,0.2(BDL),0.5(BDL),11,0.22,46.0,2.0,0.05(BDL),2025
4534,Mar,Sompura Lake,"D (Propagation of wild life,fisheries)",28.0,6.5,7.3,774,5,3,,1700.0,7900,_,3(BDL),284,12.3,5(BDL),284,84,61,1.5(BDL),0.54,156,80,32,76,18,92,530,16,0.2(BDL),0.5(BDL),10,0.36,54.0,3.2,0.05(BDL),2025
4536,Mar,Hosakerehalli Lake,"E (Irrigation, industrial cooling and controlled waste)",28.0,3.4,6.5,826,19,3.2,0.3,170000.0,840000,_,3(BDL),364,7.21,5(BDL),364,68,134,4.42,3.4,300,152,61,148,36,72,570,12,0.37,0.5(BDL),9,0.24,33.0,1.8,1.45,2025
4537,Mar,Chinnakurchi Kere,"D (Propagation of wild life,fisheries)",31.2,5.2,7.3,417,7,1.5,0.02(BDL),78000.0,490000,_,3(BDL),172,119.0,5(BDL),172,16,72,1.5(BDL),0.4,112,64,26,48,12,50,280,152,0.2(BDL),0.5(BDL),6,0.39,47.0,1.0,0.05(BDL),2025
4538,Mar,Machohalli Lake,"E (Irrigation, industrial cooling and controlled waste)",30.0,1.8,7.4,1752,19,6.7,0.67,310.0,16000,_,3(BDL),408,4.9,5(BDL),408,296,173,7.2,6.6,476,244,98,232,56,160,1204,10(BDL),0.38,0.5(BDL),35,0.45,40.0,3.2,1.04,2025
4541,Mar,Alur Lake,"D (Propagation of wild life,fisheries)",31.0,6.7,6.6,200,4,0.77,0.02(BDL),210.0,1700,_,3(BDL),72,6.1,5(BDL),72,12,41,1.5(BDL),0.4,132,84,34,48,12,5(BDL),134,10(BDL),0.2(BDL),0.5(BDL),9,0.2(BDL),4.0,0.11,0.05(BDL),2025
4542,Mar,Basavanapura Lake,"D (Propagation of wild life,fisheries)",26.0,5.8,6.7,396,5,1.3,0.02(BDL),930.0,4900,_,3(BDL),88,58.3,5(BDL),88,68,60,1.5(BDL),0.55,104,60,24,44,11,61,266,74,0.2(BDL),0.5(BDL),11,0.28,53.0,3.0,0.05(BDL),2025
4543,Mar,Kodi Singasandra Lake,"D (Propagation of wild life,fisheries)",28.0,5.4,6.7,572,6,1.9,0.02(BDL),270.0,1400,_,3(BDL),156,6.0,5(BDL),156,96,56,1.5(BDL),0.45,168,92,37,76,18,84,386,10(BDL),0.2(BDL),0.5(BDL),18,0.47,49.0,3.0,0.05(BDL),2025
4544,Mar,Kothanuru Lake,"D (Propagation of wild life,fisheries)",28.0,6,7.0,685,4,2.3,0.02(BDL),310.0,1700,_,3(BDL),176,13.2,5(BDL),176,104,48,1.5(BDL),0.52,160,88,35,72,17,105,464,18,0.2(BDL),0.5(BDL),24,0.36,49.0,4.0,0.05(BDL),2025
4545,Mar,Jungu Kere (Devarabeesanahalli Lake),"D (Propagation of wild life,fisheries)",28.0,6.2,6.6,186,4,0.7,0.02(BDL),110.0,790,_,3(BDL),48,19.9,5(BDL),48,20,40,1.5(BDL),0.4,80,48,19,32,8,27,126,26,0.2(BDL),0.5(BDL),3,0.2(BDL),41.0,1.0,0.05(BDL),2025
4546,Mar,Jakksandra Lake (Kasavanahalli Lake ),"D (Propagation of wild life,fisheries)",28.0,6.4,7.9,772,6,3,0.02(BDL),400.0,2200,_,3(BDL),132,4.4,5(BDL),132,148,55,1.5(BDL),0.75,220,80,32,140,34,100,522,10(BDL),0.2(BDL),0.5(BDL),23,0.29,46.0,2.94,0.05(BDL),2025
4547,Mar,Mangamanapalya Lake(Swarana Kunte),"D (Propagation of wild life,fisheries)",28.0,6.1,7.2,688,4,2.3,0.02(BDL),92.0,460,_,3(BDL),184,18.2,5(BDL),184,112,44,1.5(BDL),0.6,160,88,35,72,17,104,466,24,0.2(BDL),0.5(BDL),23,0.31,49.0,4.0,0.05(BDL),2025
5558,Mar,"Kannahalli Lake Kannahalli, Bengaluru","E (Irrigation, industrial cooling and controlled waste)",26.0,3.3,7.5,1246,14,4.8,0.56,460.0,3500,_,3(BDL),288,5.2,5(BDL),288,208,157,4.2,3.8,336,172,69,164,40,120,834,10(BDL),0.2(BDL),0.5(BDL),25,0.21,41.0,2.85,0.36,2025
5559,Mar,"Shettihalli Lake, Mallasandra Gudde Lake Bengaluru","E (Irrigation, industrial cooling and controlled waste)",26.0,3.6,6.9,1043,19,0.3(BDL),3.5,120.0,840,_,3(BDL),368,1.6,5(BDL),368,168,144,3.25,2.5,356,180,72,176,43,104,720,10(BDL),2.4,0.5(BDL),18,0.36,37.0,2.4,5.6,2025
5560,Mar,"Hoodi (Rajapalya Lake) Itpl Main Road, Near Hoodi,Bengaluru","D (Propagation of wild life,fisheries)",25.0,5.8,8.2,760,5,2.6,0.02(BDL),20.0,1600,_,3(BDL),36,5.6,5(BDL),36,164,60,1.5(BDL),0.4,196,116,46,80,19,98,500,10(BDL),,0.5(BDL),3,0.2(BDL),54.0,3.0,0.05(BDL),2025
5561,Mar,"Munekolalu Lake ,Marathahalli, East Taluka ,Bengaluru","D (Propagation of wild life,fisheries)",27.0,5.9,7.1,744,8,2.8,0.02(BDL),23.0,140,_,3(BDL),168,14.9,5(BDL),168,108,91,1.57,1.21,172,88,35,84,20,82,506,22,0.42,0.5(BDL),9,0.23,49.0,2.7,1,2025
5562,Mar,"Mahadevpura√¢  Lake, K. R. Puram , Bangalore East Taluka","D (Propagation of wild life,fisheries)",25.0,4.7,7.7,506,5,1.9,0.02(BDL),31.0,1600,_,3(BDL),112,5.9,5(BDL),112,76,55,1.5(BDL),0.46,136,72,29,64,16,49,338,10(BDL),0.2(BDL),0.5(BDL),10,0.31,41.0,2.0,0.22,2025
5563,Mar,"Segehalli Lake Baavanapura Road Battarahalli , Bangalore East","E (Irrigation, industrial cooling and controlled waste)",26.0,1.2,7.0,1124,22,4.31,0.38,11000.0,46000,_,3(BDL),268,15.2,5(BDL),268,140,147,15.83,11.0,208,114,46,94,23,105,774,20,2.26,0.5(BDL),32,0.33,48.0,3.16,5.77,2025
5564,Mar,"Kannamangala Lake Hoskote Main Road , Bengalore","E (Irrigation, industrial cooling and controlled waste)",25.0,3.5,7.4,1945,17,7.5,0.7,26000.0,63000,_,3(BDL),164,65.0,5(BDL),164,632,125,2.73,2.1,488,248,99,240,58,190,1342,70,0.47,0.5(BDL),33,0.2(BDL),44.0,3.7,1.1,2025
5565,Mar,Kannur Lake Near By Hennur Road Bengalore,"D (Propagation of wild life,fisheries)",26.0,5.8,6.98,1839,9,5.9,0.02(BDL),2200.0,12000,_,80,264,51.0,40,304,456,118,1.5(BDL),0.4,164,88,35,76,18,202,1268,66,0.2(BDL),0.5(BDL),184,0.23,52.0,7.2,0.05(BDL),2025
5566,Mar,"Basavanapura Lake Ayyappa Nagr Main Road , K. R. Puram , Bengaluru","D (Propagation of wild life,fisheries)",27.0,4,7.0,625,4,2.4,0.44,320.0,3500,_,3(BDL),132,21.0,5(BDL),132,72,44,1.5(BDL),0.7,144,82,33,62,15,69,424,28,0.2(BDL),0.5(BDL),18,0.32,47.0,2.5,0.24,2025
5567,Mar,"Doddakallasandra Lake,Bengaluru","D (Propagation of wild life,fisheries)",27.0,5.1,8.0,846,7,2.9,0.02(BDL),220.0,1300,_,3(BDL),300,15.2,5(BDL),300,136,84,1.5(BDL),0.43,204,108,43,96,23,106,574,20,0.84,0.5(BDL),33,0.49,48.0,3.0,2.2,2025
5568,Mar,"Ulsoor Lake Near Kalyani,Bengaluru","D (Propagation of wild life,fisheries)",28.0,6,6.8,625,4,2.2,0.02(BDL),1200.0,9200,_,3(BDL),152,9.5,5(BDL),152,96,44,1.5(BDL),0.42,144,80,32,64,16,88,420,14,0.24,0.5(BDL),25,0.29,52.0,3.0,0.7,2025
5569,Mar,"Byrasandra Upper Lake,Bengaluru","D (Propagation of wild life,fisheries)",29.0,5.9,6.9,995,5,3.5,0.02(BDL),230.0,1300,_,3(BDL),220,17.6,5(BDL),220,76,64,1.5(BDL),0.56,516,264,106,252,61,76,672,24,0.2(BDL),0.5(BDL),26,0.32,23.0,1.5,0.34,2025
5570,Mar,"Soulkere, Kaikondrahalli Vill,Bengaluru","D (Propagation of wild life,fisheries)",28.0,5.8,8.2,682,7,2.6,0.35,260.0,1400,_,3(BDL),140,52.6,5(BDL),140,104,72,1.85,0.9,168,84,34,84,20,91,454,70,0.2(BDL),0.5(BDL),22,0.34,50.0,3.04,0.35,2025
5571,Mar,"Kudlu Doddakere, Kudlu Vill,Bengaluru","D (Propagation of wild life,fisheries)",28.0,5.2,8.5,1472,10,5.6,0.67,340.0,2400,_,104,376,12.2,52,428,228,110,2.21,1.7,408,204,82,204,50,152,1016,22,0.24,0.5(BDL),38,0.28,42.0,3.3,0.57,2025
5572,Mar,"Kudlu Chikkakere, Bgp Layout Kudlu Vill ,Bengaluru","D (Propagation of wild life,fisheries)",27.0,5.3,8.5,1514,10,6,0.67,460.0,2800,_,80,396,14.3,40,436,244,113,2.34,1.8,428,212,85,216,52,154,1046,20,0.27,0.5(BDL),39,0.27,41.0,3.2,0.64,2025
5573,Mar,"Doddathogur Lake , Doddathoguru Vill, Bengaluru","E (Irrigation, industrial cooling and controlled waste)",28.0,3.3,7.8,679,8,2.6,0.02(BDL),7900.0,54000,_,3(BDL),124,4.9,5(BDL),124,148,98,1.5(BDL),0.59,152,76,30,76,18,99,468,10(BDL),0.2(BDL),0.5(BDL),22,0.28,55.0,1.0,0.05(BDL),2025
5574,Mar,"Anjanapura Lake ( Avala Halli Lake) Anjanapura,Bengaluru","E (Irrigation, industrial cooling and controlled waste)",28.0,3.2,8.5,661,9,2.5,0.02(BDL),2100.0,14000,_,48,132,19.7,24,156,132,102,2.35,1.8,156,80,32,76,18,94,456,28,0.2(BDL),0.5(BDL),24,0.23,52.0,3.3,0.44,2025
